              10    10.0787401575     10.157480315    10.2362204724    10.3149606299    10.3937007874    10.4724409449    10.5511811024    10.6299212598    10.7086614173    10.7874015748    10.8661417323    10.9448818898    11.0236220472    11.1023622047    11.1811023622    11.2598425197    11.3385826772    11.4173228346    11.4960629921    11.5748031496    11.6535433071    11.7322834646     11.811023622    11.8897637795     11.968503937    12.0472440945     12.125984252    12.2047244094    12.2834645669    12.3622047244    12.4409448819    12.5196850394    12.5984251969    12.6771653543    12.7559055118    12.8346456693    12.9133858268    12.9921259843    13.0708661417    13.1496062992    13.2283464567    13.3070866142    13.3858267717    13.4645669291    13.5433070866    13.6220472441    13.7007874016    13.7795275591    13.8582677165     13.937007874    14.0157480315     14.094488189    14.1732283465    14.2519685039    14.3307086614    14.4094488189    14.4881889764    14.5669291339    14.6456692913    14.7244094488    14.8031496063    14.8818897638    14.9606299213    15.0393700787    15.1181102362    15.1968503937    15.2755905512    15.3543307087    15.4330708661    15.5118110236    15.5905511811    15.6692913386    15.7480314961    15.8267716535     15.905511811    15.9842519685     16.062992126    16.1417322835    16.2204724409    16.2992125984    16.3779527559    16.4566929134    16.5354330709    16.6141732283    16.6929133858    16.7716535433    16.8503937008    16.9291338583    17.0078740157    17.0866141732    17.1653543307    17.2440944882    17.3228346457    17.4015748031    17.4803149606    17.5590551181    17.6377952756    17.7165354331    17.7952755906     17.874015748    17.9527559055     18.031496063    18.1102362205     18.188976378    18.2677165354    18.3464566929    18.4251968504    18.5039370079    18.5826771654    18.6614173228    18.7401574803    18.8188976378    18.8976377953    18.9763779528    19.0551181102    19.1338582677    19.2125984252    19.2913385827    19.3700787402    19.4488188976    19.5275590551    19.6062992126    19.6850393701    19.7637795276     19.842519685    19.9212598425               20
   10.0787401575    10.1574783156     10.236216475    10.3149546368    10.3936928022    10.4724309726    10.5511691491    10.6299073328    10.7086455251    10.7873837271    10.8661219401    10.9448601651    11.0235984035    11.1023366563    11.1810749247    11.2598132099    11.3385515131    11.4172898353    11.4960281778    11.5747665415    11.6535049276    11.7322433372    11.8109817714    11.8897202312    11.9684587176    12.0471972317    12.1259357744    12.2046743469    12.2834129499    12.3621515846    12.4408902517    12.5196289523    12.5983676872    12.6771064573    12.7558452634    12.8345841064    12.9133229871    12.9920619062    13.0708008645    13.1495398628    13.2282789017     13.307017982    13.3857571042    13.4644962691    13.5432354772    13.6219747291    13.7007140254    13.7794533666    13.8581927532    13.9369321857    14.0156716645      14.09441119    14.1731507626    14.2518903827    14.3306300506    14.4093697666    14.4881095309    14.5668493439    14.6455892057    14.7243291165    14.8030690765    14.8818090857    14.9605491443    15.0392892523    15.1180294098    15.1967696167    15.2755098731    15.3542501788    15.4329905338     15.511730938    15.5904713911    15.6692118931    15.7479524437    15.8266930427    15.9054336898    15.9841743846     16.062915127    16.1416559164    16.2203967526    16.2991376351    16.3778785635    16.4566195372    16.5353605559    16.6141016189    16.6928427258    16.7715838758    16.8503250686    16.9290663033    17.0078075793     17.086548896    17.1652902526    17.2440316485    17.3227730828    17.4015145547    17.4802560636    17.5589976084    17.6377391885    17.7164808029    17.7952224507     17.873964131    17.9527058429    18.0314475854    18.1101893576    18.1889311585     18.267672987    18.3464148422     18.425156723    18.5038986284    18.5826405572    18.6613825085     18.740124481    18.8188664737    18.8976084855    18.9763505152    19.0550925618    19.1338346239    19.2125767005    19.2913187905    19.3700608925    19.4488030054    19.5275451281    19.6062872593    19.6850293978    19.7637715424    19.8425136919     19.921255845    19.9999980007    20.0787401575
    10.157480315     10.236216475    10.3149526374    10.3936888048    10.4724249794    10.5511611639    10.6298973605    10.7086335718    10.7873698001    10.8661060479    10.9448423174    11.0235786112    11.1023149316    11.1810512809    11.2597876615    11.3385240756    11.4172605256    11.4959970137    11.5747335422    11.6534701133    11.7322067291    11.8109433919    11.8896801038    11.9684168669    12.0471536833     12.125890555     12.204627484    12.2833644724     12.362101522    12.4408386347    12.5195758124     12.598313057    12.6770503702    12.7557877538    12.8345252094    12.9132627387    12.9920003433    13.0707380248    13.1494757847    13.2282136245    13.3069515455    13.3856895492    13.4644276369    13.5431658098    13.6219040691     13.700642416    13.7793808517    13.8581193771    13.9368579933    14.0155967011    14.0943355016    14.1730743956    14.2518133837    14.3305524667    14.4092916453    14.4880309201    14.5667702916    14.6455097603    14.7242493266    14.8029889908    14.8817287534    14.9604686145    15.0392085742    15.1179486328    15.1966887903    15.2754290467    15.3541694019    15.4329098557    15.5116504081    15.5903910588    15.6691318075    15.7478726538    15.8266135972    15.9053546374    15.9840957738    16.0628370057    16.1415783325    16.2203197536    16.2990612681    16.3778028751    16.4565445739    16.5352863634    16.6140282428    16.6927702108    16.7715122664    16.8502544085    16.9289966358    17.0077389471     17.086481341    17.1652238162    17.2439663712    17.3227090047     17.401451715    17.4801945007      17.55893736    17.6376802914    17.7164232932    17.7951663636    17.8739095008     17.952652703    18.0313959684     18.110139295    18.1888826809    18.2676261242    18.3463696228    18.4251131747    18.5038567777    18.5826004299     18.661344129    18.7400878729    18.8188316593    18.8975754862    18.9763193512     19.055063252    19.1338071864    19.2125511521    19.2912951467    19.3700391678    19.4487832132    19.5275272804    19.6062713671    19.6850154708    19.7637595891    19.8425037196    19.9212478599    19.9999920075      20.07873616     20.157480315
   10.2362204724    10.3149546368    10.3936888048    10.4724229801    10.5511571664    10.6298913674    10.7086255866    10.7873598278    10.8660940946    10.9448283904     11.023562719     11.102297084    11.1810314887    11.2597659368    11.3385004318    11.4172349771    11.4959695762    11.5747042324    11.6534389492    11.7321737298    11.8109085776    11.8896434957    11.9683784875     12.047113556    12.1258487043    12.2045839357    12.2833192529    12.3620546591    12.4407901572    12.5195257498      12.59826144    12.6769972304    12.7557331236    12.8344691223     12.913205229    12.9919414463    13.0706777764    13.1494142219    13.2281507848    13.3068874675     13.385624272    13.4643612004    13.5430982548    13.6218354369    13.7005727486    13.7793101916    13.8580477677    13.9367854783     14.015523325    14.0942613092    14.1729994322    14.2517376953    14.3304760997    14.4092146463    14.4879533362    14.5666921703    14.6454311494    14.7241702742    14.8029095454    14.8816489634    14.9603885288    15.0391282419     15.117868103    15.1966081122    15.2753482697    15.3540885754    15.4328290293    15.5115696312    15.5903103807    15.6690512777    15.7477923215    15.8265335116    15.9052748475    15.9840163283    16.0627579534    16.1414997217    16.2202416323    16.2989836842    16.3777258761    16.4564682069    16.5352106751    16.6139532794    16.6926960183    16.7714388902    16.8501818935    16.9289250264     17.007668287    17.0864116735     17.165155184    17.2438988162    17.3226425683    17.4013864378    17.4801304226    17.5588745203    17.6376187285    17.7163630448    17.7951074665    17.8738519911    17.9525966159    18.0313413382    18.1100861551    18.1888310639    18.2675760616    18.3463211452    18.4250663118    18.5038115583    18.5825568815    18.6613022783    18.7400477455    18.8187932799    18.8975388781    18.9762845368    19.0550302527    19.1337760223    19.2125218423    19.2912677092    19.3700136194    19.4487595694    19.5275055558    19.6062515748    19.6849976231    19.7637436969    19.8424897926    19.9212359066    19.9999820352    20.0787281748    20.1574743218    20.2362204724
   10.3149606299    10.3936928022    10.4724249794    10.5511571664     10.629889368    10.7086215892    10.7873538347    10.8660861094    10.9448184181    11.0235507657    11.1022831569    11.1810155965    11.2597480892    11.3384806396    11.4172132525    11.4959459324     11.574678684    11.6534115117    11.7321444201    11.8108774135    11.8896104964    11.9683436731    12.0470769478    12.1258103249    12.2045438083    12.2832774023    12.3620111108    12.4407449377     12.519478887    12.5982129625    12.6769471678    12.7556815066    12.8344159824    12.9131505989    12.9918853592    13.0706202668    13.1493553248    13.2280905364    13.3068259046    13.3855614323    13.4642971224    13.5430329776    13.6217690004    13.7005051936    13.7792415594    13.8579781002    13.9367148182    14.0154517156    14.0941887942    14.1729260561    14.2516635029    14.3304011364     14.409138958    14.4878769692    14.5666151713    14.6453535655     14.724092153    14.8028309345    14.8815699111    14.9603090834     15.039048452    15.1177880174    15.1965277799    15.2752677399    15.3540078974    15.4327482524    15.5114888048    15.5902295543    15.6689705007    15.7477116434    15.8264529818    15.9051945151    15.9839362427    16.0626781634    16.1414202762      16.22016258    16.2989050733    16.3776477548     16.456390623    16.5351336761    16.6138769124      16.69262033    16.7713639269    16.8501077011    16.9288516502     17.007595772    17.0863400641    17.1650845239    17.2438291488     17.322573936    17.4013188828    17.4800639862    17.5588092431    17.6375546505    17.7163002051    17.7950459036    17.8737917427    17.9525377189    18.0312838285     18.110030068    18.1887764337    18.2675229217    18.3462695282    18.4250162492    18.5037630807    18.5825100186    18.6612570588    18.7400041971    18.8187514292    18.8974987507    18.9762461573    19.0549936446     19.133741208     19.212488843    19.2912365451    19.3699843096    19.4487321319    19.5274800073     19.606227931    19.6849758984    19.7637239046    19.8424719449    19.9212200143    19.9999681082    20.0787162215    20.1574643495    20.2362124873    20.3149606299
   10.3937007874    10.4724309726    10.5511611639    10.6298913674    10.7086215892    10.7873518353    10.8660821119     10.944812425    11.0235427806    11.1022731846    11.1810036432    11.2597341621    11.3384647474    11.4171954048    11.4959261402    11.5746569593    11.6533878679    11.7321188716     11.810849976    11.8895811866     11.968312509    12.0470439485    12.1257755105    12.2045072002    12.2832390228    12.3619709834    12.4407030871    12.5194353387     12.598167743    12.6769003049     12.755633029    12.8343659199    12.9130989818    12.9918322194    13.0705656366    13.1492992377    13.2280330268    13.3067670076    13.3855011839    13.4642355595    13.5429701379    13.6217049224    13.7004399164     13.779175123    13.8579105452     13.936646186    14.0153820481    14.0941181342    14.1728544467    14.2515909879    14.3303277602    14.4090647655    14.4878020059     14.566539483    14.6452771985     14.724015154    14.8027533507    14.8814917899    14.9602304725    15.0389693996    15.1177085719      15.19644799    15.2751876542     15.353927565    15.4326677225    15.5114081267    15.5901487774    15.6688896743    15.7476308169    15.8263722048    15.9051138371    15.9838557128    16.0625978311    16.1413401906      16.22008279    16.2988256279    16.3775687025    16.4563120121    16.5350555548    16.6137993285     16.692543331    16.7712875599    16.8500320127    16.9287766869    17.0075215796    17.0862666879    17.1650120089    17.2437575393     17.322503276    17.4012492153    17.4799953539    17.5587416881     17.637488214    17.7162349278    17.7949818255     17.873728903     17.952476156    18.0312235801     18.109971171     18.188718924    18.2674668346     18.346214898    18.4249631093    18.5037114637     18.582459956    18.6612085813    18.7399573343    18.8187062097    18.8974552023    18.9762043066    19.0549535172    19.1337028285    19.2124522349    19.2912017307    19.3699513103    19.4487009678    19.5274506975    19.6062004935      19.68495035    19.7637002608    19.8424502202    19.9212002221    19.9999502605    20.0787003293    20.1574504225     20.236200534    20.3149506576    20.3937007874
   10.4724409449    10.5511691491    10.6298973605    10.7086255866    10.7873538347    10.8660821119    10.9448104256    11.0235387831    11.1022671915     11.180995658    11.2597241899    11.3384527941    11.4171814778     11.495910248    11.5746391117    11.6533680757     11.732097147    11.8108263322    11.8895556382    11.9682850715    12.0470146388    12.1257443464    12.2044742009    12.2832042085    12.3619343753    12.4406647076    12.5193952113    12.5981258924    12.6768567566    12.7555878096     12.834319057    12.9130505043    12.9917821568    13.0705140196    13.1492460979    13.2279783966    13.3067109205    13.3854436743    13.4641766625    13.5429098895    13.6216433595    13.7003770767    13.7791110449     13.857845268    13.9365797496    14.0153144932     14.094049502    14.1727847792    14.2515203279    14.3302561508    14.4089922506    14.4877286297    14.5664652906    14.6452022352    14.7239394656    14.8026769836    14.8814147908    14.9601528887    15.0388912784    15.1176299611    15.1963689376    15.2751082088    15.3538477751    15.4325876369    15.5113277944    15.5900682475    15.6688089962      15.74755004    15.8262913784    15.9050330106    15.9837749359     16.062517153    16.1412596608    16.2200024577    16.2987455422    16.3774889125    16.4562325667    16.5349765025    16.6137207176    16.6924652097     16.771209976    16.8499550137    16.9287003198    17.0074458912    17.0861917246    17.1649378165    17.2436841632     17.322430761    17.4011776059    17.4799246939    17.5586720206    17.6374195818    17.7161673728    17.7949153891    17.8736636258    17.9524120779    18.0311607404    18.1099096081    18.1886586756    18.2674079376    18.3461573883    18.4249070222    18.5036568335    18.5824068161    18.6611569643    18.7399072717    18.8186577322    18.8974083395    18.9761590872    19.0549099688    19.1336609778    19.2124121075    19.2911633512    19.3699147021    19.4486661534    19.5274176982    19.6061693295    19.6849210402    19.7636728233    19.8424246718    19.9211765783    19.9999285358    20.0786805371    20.1574325748    20.2361846417    20.3149367306    20.3936888341    20.4724409449
   10.5511811024    10.6299073328    10.7086335718    10.7873598278    10.8660861094     10.944812425    11.0235387831    11.1022651921    11.1809916606    11.2597181967    11.3384448089    11.4171715055    11.4958982947    11.5746251846    11.6533521835    11.7320792993      11.81080654    11.8895339135    11.9682614277    12.0469890903     12.125716909    12.2044448912    12.2831730444     12.361901376    12.4406298932    12.5193586032    12.5980875129    12.6768166292     12.755545959    12.8342755087    12.9130052849    12.9917352939    13.0704655421    13.1491960353    13.2279267796    13.3066577806    13.3853890441    13.4641205754    13.5428523798    13.6215844625    13.7003168283     13.779049482    13.8577824283    13.9365156715    14.0152492159    14.0939830656    14.1727172242    14.2514516957    14.3301864833    14.4089215905    14.4876570203    14.5663927756    14.6451288591    14.7238652732    14.8026020203    14.8813391025    14.9600765216    15.0388142794    15.1175523772    15.1962908164     15.275029598    15.3537687228    15.4325081914    15.5112480044    15.5899881619    15.6687286639    15.7474695101    15.8262107003    15.9049522337    15.9836941095    16.0624363266    16.1411788838    16.2199217796    16.2986650124    16.3774085802     16.456152481    16.5348967125    16.6136412722    16.6923861574    16.7711313651    16.8498768924    16.9286227359    17.0073688922    17.0861153576    17.1648621281    17.2436091999    17.3223565685    17.4011042297    17.4798521789    17.5586004112    17.6373489217    17.7160977054    17.7948467569    17.8735960708    17.9523456415    18.0310954632      18.10984553    18.1885958359    18.2673463747    18.3460971399    18.4248481252    18.5035993238    18.5823507291    18.6611023341    18.7398541318    18.8186061151    18.8973582769    18.9761106096     19.054863106    19.1336157583    19.2123685591    19.2911215005    19.3698745748     19.448627774    19.5273810901    19.6061345151    19.6848880409    19.7636416593     19.842395362    19.9211491408    19.9999029874    20.0786568933    20.1574108502    20.2361648495    20.3149188829    20.3936729419    20.4724270179    20.5511811024
   10.6299212598    10.7086455251    10.7873698001    10.8660940946    10.9448184181    11.0235427806    11.1022671915    11.1809916606    11.2597161974    11.3384408115    11.4171655124    11.4958903095    11.5746152124    11.6533402302    11.7320653723    11.8107906478    11.8895160659    11.9682416355    12.0469673657    12.1256932652    12.2044193427    12.2831456069    12.3618720663    12.4405987292    12.5193256039    12.5980526985    12.6767800211    12.7555075795    12.8342353813    12.9129634342    12.9916917456    13.0704203226    13.1491491725     13.227878302     13.306607718    13.3853374271    13.4640674355    13.5427977496    13.6215283754    13.7002593186     13.778990585    13.8577221799    13.9364541087    14.0151863762    14.0939189875     14.172651947    14.2513852593    14.3301189284    14.4088529583    14.4875873529    14.5663221155    14.6450572496    14.7237927582    14.8025286442    14.8812649101    14.9600015583    15.0387385911    15.1174760102    15.1962138174    15.2749520141    15.3536906015    15.4324295806    15.5111689521    15.5899087164    15.6686488739    15.7473894245     15.826130368    15.9048717038    15.9836134314    16.0623555496    16.1410980574    16.2198409532    16.2985842354    16.3773279021    16.4560719512    16.5348163802    16.6135611866    16.6923063674    16.7710519197    16.8497978401    16.9285441251    17.0072907709    17.0860377737    17.1647851291    17.2435328328    17.3222808802    17.4010292664    17.4797779864     17.558527035    17.6372764067    17.7160260959    17.7947760968    17.8735264033    17.9522770092    18.0310279082    18.1097790936    18.1885305587    18.2672822966    18.3460343002    18.4247865623    18.5035390754     18.582291832    18.6610448244    18.7397980447    18.8185514849     18.897305137    18.9760589926    19.0548130434    19.1335672808    19.2123216963    19.2910762811    19.3698310264    19.4485859233    19.5273409627    19.6060961356    19.6848514327    19.7636068449    19.8423623627    19.9211179767    19.9998736776    20.0786294558    20.1573853017    20.2361412057    20.3148971583    20.3936531496    20.4724091702    20.5511652101    20.6299212598
   10.7086614173    10.7873837271    10.8661060479    10.9448283904    11.0235507657    11.1022731846     11.180995658    11.2597181967    11.3384408115     11.417163513    11.4958863121    11.5746092192     11.653332245       11.7320554    11.8107786945    11.8895021389    11.9682257433     12.046949518     12.125673473    12.2043976181    12.2831219631    12.3618465178    12.4405712917    12.5192962941    12.5980215345    12.6767470218    12.7554727651    12.8341987732    12.9129250548    12.9916516182     13.070378472    13.1491056241    13.2278330826    13.3065608552    13.3852889495     13.464017373    13.5427461326    13.6214752355    13.7002046885    13.7789344979    13.8576646703    13.9363952116    14.0151261279    14.0938574246    14.1725891073    14.2513211812    14.3300536511    14.4087865219    14.4875197979    14.5662534833    14.6449875822    14.7237220982    14.8024570348    14.8811923951    14.9599281822    15.0386643986    15.1174010469     15.196138129    15.2748756471    15.3536136025    15.4323519967    15.5110908308    15.5898301056    15.6685698216    15.7473099791     15.826050578    15.9047916182    15.9835330991    16.0622750198    16.1410173793    16.2197601762     16.298503409    16.3772470757    16.4559911742    16.5347357021    16.6134806567    16.6922260351     16.770971834    16.8497180501    16.9284646796    17.0072117186    17.0859591628    17.1647070078    17.2434552489    17.3222038812    17.4009528994    17.4797022981    17.5584520717    17.6372022143    17.7159527198    17.7947035818    17.8734547939    17.9522063491    18.0309582407    18.1097104613    18.1884630037    18.2672158601     18.345969023    18.4247224842    18.5034762357    18.5822302691     18.660984576    18.7397391476    18.8184939753    18.8972490499    18.9760043624    19.0547599035    19.1335156638    19.2122716337    19.2910278035    19.3697841636    19.4485407038    19.5272974143    19.6060542849    19.6848113054    19.7635684654    19.8423257545    19.9210831624    19.9998406783    20.0785982917    20.1573559919    20.2361137682    20.3148716098    20.3936295059    20.4723874455    20.5511454179    20.6299034122    20.7086614173
   10.7874015748    10.8661219401    10.9448423174     11.023562719    11.1022831569    11.1810036432    11.2597241899    11.3384448089    11.4171655124    11.4958863121    11.5746072199    11.6533282475    11.7320494068    11.8107707093    11.8894921666      11.96821379     12.046935591    12.1256575808    12.2043797704    12.2831021709    12.3618247932    12.4405476479    12.5192707457     12.597994097    12.6767177121    12.7554416011    12.8341657739    12.9128902404    12.9916150101    13.0703400925    13.1490654968    13.2277912319    13.3065173069    13.3852437301    13.4639705101    13.5426976551    13.6214251729    13.7001530714    13.7788813581    13.8576100401    13.9363391246    14.0150686182    14.0937985276     14.172528859    14.2512596183    14.3299908115    14.4087224438    14.4874545207    14.5661870469    14.6449200272     14.723653466    14.8023873673    14.8811217351    14.9598565728    15.0385918837    15.1173276707    15.1960639366    15.2748006837    15.3535379142    15.4322756297    15.5110138318    15.5897525217    15.6684917003    15.7472313682    15.8259715257    15.9047121728    15.9834533091    16.0621949341     16.140937047    16.2196796464    16.2984227309    16.3771662987    16.4559103478    16.5346548757    16.6133998797     16.692145357    16.7708913042    16.8496377178     16.928384594    17.0071319286    17.0858797174    17.1646279555    17.2433766381    17.3221257599    17.4008753155    17.4796252991    17.5583757046    17.6371265259    17.7158777564    17.7946293894    17.8733814177    17.9521338342    18.0308866313    18.1096398013    18.1883933362    18.2671472279     18.345901468    18.4246560477    18.5034109584     18.582166191    18.6609217363    18.7396775847    18.8184337268    18.8971901528    18.9759468527    19.0547038164    19.1334610335    19.2122184938    19.2909761865    19.3697341009    19.4484922263    19.5272505515    19.6060090655     19.684767757    19.7635266147    19.8422856272    19.9210447829    19.9998040702    20.0785634773    20.1573229926    20.2360826041       20.3148423    20.3936020683    20.4723618971    20.5511217741    20.6298816875    20.7086416251    20.7874015748
   10.8661417323    10.9448601651    11.0235786112     11.102297084    11.1810155965    11.2597341621    11.3384527941    11.4171715055    11.4958903095    11.5746092192    11.6533282475    11.7320474075    11.8107667119    11.8894861734    11.9682058049    12.0469256187    12.1256456274    12.2043658434    12.2830862787    12.3618069455    12.4405278557     12.519249021    12.5979704532    12.6766921636    12.7554141636    12.8341364642    12.9128590763    12.9915820108    13.0703052781    13.1490288886    13.2277528525    13.3064771795    13.3852018795    13.4639269618    13.5426524357    13.6213783101    13.7001045939    13.7788312955    13.8575584231    13.9362859847     14.015013988    14.0937424405    14.1724713493    14.2512007213    14.3299305631     14.408660881     14.487391681    14.5661229688      14.64485475    14.7235870295    14.8023198123    14.8810531028    14.9597869053    15.0385212236    15.1172560613    15.1959914216    15.2747273076    15.3534637217    15.4322006664    15.5109381435    15.5896761547    15.6684147013    15.7471537844    15.8258934044    15.9046335619    15.9833742568    16.0621154887     16.140857257    16.2195995608    16.2983423986    16.3770857689    16.4558296697    16.5345740987    16.6133190533    16.6920645306    16.7708105272    16.8495570397    16.9283040642    17.0070515963    17.0857996317    17.1645481655    17.2432971926    17.3220467076    17.4007967046    17.4795471778    17.5582981208    17.6370495269    17.7158013894     17.794553701    17.8733064544    17.9520596417    18.0308132551    18.1095672863    18.1883217268    18.2670765678    18.3458318005    18.4245874155    18.5033434034    18.5820997546     18.660856459    18.7396135067    18.8183708871    18.8971285899    18.9758866043    19.0546449193    19.1334035239    19.2121624067    19.2909215563    19.3696809611    19.4484406092    19.5272004889    19.6059605879    19.6847208942    19.7634813953    19.8422420788    19.9210029322    19.9997639428    20.0785250978    20.1572863845    20.2360477898    20.3148093007    20.3935709043    20.4723325873    20.5510943366     20.629856139    20.7086179813    20.7873798501    20.8661417323
   10.9448818898    11.0235984035    11.1023149316    11.1810314887    11.2597480892    11.3384647474    11.4171814778    11.4958982947    11.5746152124     11.653332245    11.7320494068    11.8107667119    11.8894841741    11.9682018074    12.0469196256    12.1256376423    12.2043558711    12.2830743254    12.3617930185    12.4405119635    12.5192311734     12.597950661     12.676670439    12.7553905198    12.8341109157    12.9128316388    12.9915527011    13.0702741141    13.1489958893    13.2277180381    13.3064405714       13.3851635    13.4638868344     13.542610585    13.6213347618    13.7000593745    13.7787844327    13.8575099455    13.9362359221     14.014962371    14.0936893007    14.1724167191    14.2511446342    14.3298730534    14.4086019839    14.4873314326     14.566061406    14.6447919103    14.7235229515    14.8022545351    14.8809866664    14.9597193503    15.0384525914    15.1171863938    15.1959207616    15.2746556982    15.3533912068    15.4321272902    15.5108639511    15.5896011914     15.668339013    15.7470774173    15.8258164054     15.904555978    15.9832961355    16.0620368779    16.1407782047    16.2195201153    16.2982626087    16.3770056833    16.4557493374    16.5344935689    16.6132383752    16.6919837536    16.7707297008    16.8494762133    16.9282232872    17.0069709182    17.0857191019    17.1644678332     17.243217107    17.3219669176    17.4007172592    17.4794681254    17.5582195099    17.6369714057    17.7157238055     17.794476702    17.8732300873    17.9519839534    18.0307382918    18.1094930938    18.1882483506    18.2670040529    18.3457601911    18.4245167554     18.503273736    18.5820311223     18.660788904    18.7395470702    18.8183056099    18.8970645119    18.9758237646    19.0545833564    19.1333432755    19.2121035096    19.2908640466     19.369624874     19.448385979     19.527147349    19.6059089709    19.6846708315    19.7634329177     19.842195216    19.9209577128    19.9997203944    20.0784832472    20.1572462571    20.2360094103    20.3147726926    20.3935360899     20.472299588    20.5510631725    20.6298268293    20.7085905438    20.7873543017    20.8661180885    20.9448818898
   11.0236220472    11.1023366563    11.1810512809    11.2597659368    11.3384806396    11.4171954048     11.495910248    11.5746251846    11.6533402302       11.7320554    11.8107707093    11.8894861734    11.9682018074    12.0469176262    12.1256336448    12.2043498779    12.2830663402    12.3617830462    12.4405000102    12.5192172464    12.5979347688    12.6766525913    12.7553707276    12.8340891911     12.912807995    12.9915271526    13.0702466766    13.1489665796     13.227686874    13.3064075721    13.3851286856    13.4638502263    13.5425722055    13.6212946344    13.7000175238    13.7787408843    13.8574647261    13.9361890593    14.0149138935    14.0936392381    14.1723651021    14.2510914944    14.3298184232    14.4085458968    14.4872739229    14.5660025089    14.6447316619    14.7234613886    14.8021916954    14.8809225884    14.9596540731     15.038386155    15.1171188389    15.1958521294    15.2745860307    15.3533205467    15.4320556808    15.5107914361    15.5895278152    15.6682648206     15.747002454    15.8257407171     15.904479611    15.9832191365     16.061959294    16.1407000834    16.2194415045    16.2981835563    16.3769262378    16.4556695474    16.5344134832    16.6131580429    16.6919032238    16.7706490227    16.8493954363    16.9281424608    17.0068900918    17.0856383249    17.1643871551    17.2431365771    17.3218865853    17.4006371735    17.4793883355    17.5581400644    17.6368923533    17.7156451947    17.7943985807    17.8731525034    17.9519069543    18.0306619247    18.1094174055    18.1881733873    18.2669298604    18.3456868149    18.4244442405    18.5032021265    18.5819604623    18.6607192365     18.739478438    18.8182380549    18.8969980754    18.9757584874    19.0545192783    19.1332804357    19.2120419467    19.2908037982    19.3695659769    19.4483284694    19.5270912619    19.6058543407    19.6846176917    19.7633813007    19.8421451533    19.9209092352    19.9996735316    20.0784380277    20.1572027087    20.2359675596    20.3147325652    20.3934977104    20.4722629798    20.5510283582      20.62979383    20.7085593797    20.7873249919     20.866090651    20.9448563413    21.0236220472
   11.1023622047    11.1810749247    11.2597876615    11.3385004318    11.4172132525    11.4959261402    11.5746391117    11.6533521835    11.7320653723    11.8107786945    11.8894921666    11.9682058049    12.0469196256    12.1256336448    12.2043478786    12.2830623428     12.361777053     12.440492025    12.5192072741    12.5979228155    12.6766386643    12.7553548354    12.8340713434    12.9127882028     12.991505428    13.0702230328    13.1489410311    13.2276594366    13.3063782623    13.3850975216     13.463817227    13.5425373912    13.6212580263    13.6999791443    13.7787007569    13.8574228755    13.9361455109     14.014868674    14.0935923752    14.1723166246    14.2510414318    14.3297668062     14.408492757    14.4872192927    14.5659464218    14.6446741523    14.7234024916     14.802131447    14.8808610255    14.9595912334    15.0383220769    15.1170535616     15.195785693    15.2745184757    15.3532519145    15.4319860134     15.510720776    15.5894562058    15.6681923056    15.7469290779    15.8256665247    15.9044046477    15.9831434482    16.0618829269    16.1406230844    16.2193639206    16.2981054351     16.376847627    16.4555904951    16.5343340378     16.613078253    16.6918231381    16.7705686904    16.8493149065    16.9280617827    17.0068093148    17.0855574985    17.1643063287    17.2430558002    17.3218059072    17.4005566437    17.4793080032    17.5580599788    17.6368125633    17.7155657492    17.7943195284    17.8730738926    17.9518288331    18.0305843408    18.1093404065    18.1880970202    18.2668541721    18.3456118516     18.424370048    18.5031287504    18.5818879473    18.6606476271    18.7394077779    18.8181683874    18.8969294432    18.9756909323    19.0544528419    19.1332151585    19.2119778686    19.2907409585     19.369504414    19.4482682209    19.5270323648     19.605796831    19.6845616046    19.7633266705    19.8420920135    19.9208576182     19.999623469    20.0783895502    20.1571558459    20.2359223401    20.3146890168    20.3934558597    20.4722228525    20.5509899787    20.6297572218    20.7085245653    20.7872919926    20.8660594869    20.9448270315    21.0235946097    21.1023622047
   11.1811023622    11.2598132099    11.3385240756    11.4172349771    11.4959459324    11.5746569593    11.6533680757    11.7320792993    11.8107906478    11.8895021389      11.96821379    12.0469256187    12.1256376423    12.2043498779    12.2830623428    12.3617750537    12.4404880275    12.5192012809    12.5979148303     12.676628692     12.755342882    12.8340574164    12.9127723106    12.9914875803    13.0702032406    13.1489193065    13.2276357928    13.3063527139    13.3850700841    13.4637879173    13.5425062271     13.621225027      13.69994433    13.7786641488     13.857384496    13.9361053836    14.0148268234    14.0935488269    14.1722714051    14.2509945689    14.3297183287    14.4084426944    14.4871676757     14.565893282    14.6446195221    14.7233464045    14.8020739374    14.8808021284     14.959530985     15.038260514     15.116990722    15.1957216149    15.2744531985    15.3531854781    15.4319184584    15.5106521438    15.5893865384    15.6681216455    15.7468574684    15.8255940097    15.9043312715    15.9830692557    16.0618079636    16.1405473961    16.2192875536     16.298028436    16.3767700431    16.4555123739     16.534255427    16.6129992006    16.6917436927    16.7704889005    16.8492348209    16.9279814504     17.006728785    17.0854768204    17.1642255517    17.2429749737    17.3217250808    17.4004758667    17.4792273251     17.557979449     17.636732231    17.7154856636    17.7942397384    17.8729944471    17.9517497807      18.03050573    18.1092622852    18.1880194363     18.266777173    18.3455354845    18.4242943597     18.503053787    18.5818137548    18.6605742509    18.7393352629     18.818096778    18.8968587831    18.9756212649    19.0543842097    19.1331476035    19.2119114322    19.2906756812    19.3694403359    19.4482053812    19.5269708019    19.6057365826    19.6845027075    19.7632691608    19.8420359264     19.920802988    19.9995703291    20.0783379331    20.1571057833    20.2358738626     20.314642154    20.3934106403    20.4721793041     20.550948128    20.6297170945    20.7084861858    20.7872553845    20.8660246725    20.9447940322    21.0235634457     21.102332895    21.1811023622
   11.2598425197    11.3385515131    11.4172605256    11.4959695762     11.574678684    11.6533878679     11.732097147      11.81080654    11.8895160659    11.9682257433     12.046935591    12.1256456274    12.2043558711    12.2830663402     12.361777053    12.4404880275    12.5191992816    12.5979108328    12.6766226988    12.7553348969    12.8340474441    12.9127603573    12.9914736533    13.0701873484    13.1489014588    13.2276160006    13.3063309892    13.3850464403    13.4637623688    13.5424787896    13.6211957172    13.6999131659    13.7786311495    13.8573496816    13.9360687755    14.0147884439    14.0935086995    14.1722295545    14.2509510206    14.3296731092    14.4083958316    14.4871191982    14.5658432194    14.6445679051    14.7232932646    14.8020193072    14.8807460414    14.9594734754     15.038201617    15.1169304736     15.195660052    15.2743903588       15.3531214    15.4318531812    15.5105857074    15.5893189834    15.6680530133     15.746787801    15.8255233496    15.9042596621    15.9829967408    16.0617345875    16.1404732037    16.2192125902    16.2979527477    16.3766936761    16.4554353748    16.5341778431    16.6129210794    16.6916650818    16.7704098481    16.8491553754    16.9279016604    17.0066486994    17.0853964881    17.1641450219    17.2428942956    17.3216443038    17.4003950403    17.4791464987     17.557898672    17.6366515529    17.7154051337    17.7941594061    17.8729143615    17.9516699908    18.0304262845    18.1091832328    18.1879408255    18.2666990518    18.3454579006    18.4242173606      18.50297742    18.5817380665    18.6604992876    18.7392610705    18.8180234018    18.8967862681    18.9755496554    19.0543135496     19.133077936       19.2118428    19.2906081262    19.3693738995     19.448140104    19.5269067239    19.6056737429    19.6844411446    19.7632089124    19.8419770293    19.9207454783     19.999514242    20.0782833029    20.1570526434    20.2358222455    20.3145920914    20.3933621627    20.4721324412    20.5509029085    20.6296735461    20.7084443352    20.7872152571     20.865986293    20.9447574241    21.0235286313    21.1022998956    21.1810711981    21.2598425197
   11.3385826772    11.4172898353    11.4959970137    11.5747042324    11.6534115117    11.7321188716    11.8108263322    11.8895339135    11.9682416355     12.046949518    12.1256575808    12.2043658434    12.2830743254    12.3617830462     12.440492025    12.5192012809    12.5979108328    12.6766206995    12.7553308994    12.8340414509    12.9127523722     12.991463681    13.0701753951    13.1488875318    13.2276001083    13.3063131416    13.3850266481    13.4637406442    13.5424551458    13.6211701688    13.6998857284    13.7786018398    13.8573185176    13.9360357761    14.0147536295    14.0934720914     14.172191175    14.2509108932    14.3296312586    14.4083522832    14.4870739788    14.5657963566    14.6445194275     14.723243202    14.8019676902    14.8806929015    14.9594188452    15.0381455299    15.1168729639     15.195601155    15.2743301104    15.3530598371    15.4317903415    15.5105216293    15.5892537062    15.6679865769     15.746720246    15.8254547174    15.9041899947    15.9829260807    16.0616629781    16.1404006887    16.2191392141    16.2978785553    16.3766187128    16.4553596865     16.534101476    16.6128440804     16.691587498    16.7703317269    16.8490767646    16.9278226081    17.0065692539    17.0853166981    17.1640649363    17.2428139633    17.3215637739    17.4003143622    17.4790657217    17.5578178456    17.6365707265    17.7153243567     17.794078728    17.8728338316    17.9515896585    18.0303461989    18.1091034429      18.18786138    18.2666199994    18.3453792898    18.4241392394    18.5028998361    18.5816610675    18.6604229206    18.7391853821    18.8179484385    18.8967120757    18.9754762793    19.0542410346    19.1330063266    19.2117721399    19.2905384588    19.3693052672     19.448072549    19.5268402874    19.6056084656    19.6843770665    19.7631460727    19.8419154664    19.9206852299    19.9994553449    20.0782257932    20.1569965563    20.2357676153    20.3145389515    20.3933105457    20.4720823786     20.550854431    20.6296266832    20.7083991157    20.7871717087    20.8659444424    20.9447172967    21.0234902518    21.1022632875    21.1810363837    21.2598095204    21.3385826772
   11.4173228346    11.4960281778    11.5747335422    11.6534389492    11.7321444201     11.810849976    11.8895556382    11.9682614277    12.0469673657     12.125673473    12.2043797704    12.2830862787    12.3617930185    12.4405000102    12.5192072741    12.5979148303    12.6766226988    12.7553308994    12.8340394516    12.9127483747    12.9914576878    13.0701674099    13.1488775595     13.227588155    13.3062992145    13.3850107559    13.4637227965    13.5424353536    13.6211484441    13.6998620846    13.7785762913    13.8572910801    13.9360064664    14.0147224655    14.0934390921    14.1721563606    14.2508742851    14.3295928791    14.4083121559    14.4870321281    14.5657528082    14.6444742081    14.7231963392    14.8019192126    14.8806428389    14.9593672282    15.0380923901    15.1168183337    15.1955450679    15.2742726008    15.3530009401    15.4317300931    15.5104600665    15.5891908665    15.6679224988    15.7466549688     15.825388281    15.9041224397    15.9828574485    16.0615933106    16.1403300286    16.2190676047    16.2978060403    16.3765453366    16.4552854941    16.5340265127     16.612768392    16.6915111309    16.7702547279    16.8489991807    16.9277444868    17.0064906431    17.0852376458    17.1639854908    17.2427341734    17.3214836883    17.4002340299    17.4789851918    17.5577371675    17.6364899495    17.7152435303    17.7939979016    17.8727530547    17.9515089804     18.030265669    18.1090231106    18.1877812944    18.2665402095    18.3452998443     18.424060187    18.5028212252    18.5815829462    18.6603453367    18.7391083831    18.8178720714    18.8966363873    18.9754013159    19.0541668421    19.1329329504    19.2116996249    19.2904668493    19.3692346072    19.4480028815    19.5267716552    19.6055409106    19.6843106301    19.7630807954    19.8418513883    19.9206223901     19.999393782    20.0781655448    20.1569376592    20.2357101057    20.3144828644    20.3932559155    20.4720292387    20.5508028139    20.6295766206    20.7083506382    20.7871248459    20.8658992229    20.9446737483    21.0234484011    21.1022231601    21.1809980043    21.2597729122    21.3385478628    21.4173228346
   11.4960629921    11.5747665415    11.6534701133    11.7321737298    11.8108774135    11.8895811866    11.9682850715    12.0469890903    12.1256932652    12.2043976181    12.2831021709    12.3618069455    12.4405119635    12.5192172464    12.5979228155     12.676628692    12.7553348969    12.8340414509    12.9127483747    12.9914556885    13.0701634124    13.1488715664    13.2275801699    13.3062892423    13.3849988026    13.4637088695    13.5424194614    13.6211305965    13.6998422924    13.7785545667    13.8572674363    13.9359809179     14.014695028    14.0934097824    14.1721251966    14.2508412858    14.3295580648    14.4082755477    14.4869937486    14.5657126809    14.6444323574    14.7231527909    14.8018739932    14.8805959761    14.9593187506    15.0380423275    15.1167667167     15.195491928    15.2742179706     15.352944853    15.4316725834    15.5104011694    15.5891306181     15.667860936    15.7465921291    15.8253242029    15.9040571625    15.9827910121    16.0615257556    16.1402613964    16.2189979372    16.2977353803    16.3764737272    16.4552129791    16.5339531366    16.6126941996    16.6914361676    16.7701790395    16.8489228137    16.9276674878    17.0064130592    17.0851595245      17.16390688     17.242655121    17.3214042429    17.4001542399    17.4789051062    17.5576568352    17.6364094197    17.7151628522    17.7939171246    17.8726722282    17.9514281539    18.0301848921    18.1089424325    18.1877007645    18.2664598771    18.3452197587    18.4239803971    18.5027417798    18.5815038938    18.6602667258    18.7390302618    18.8177944875    18.8965593883    18.9753249489    19.0540911538    19.1328579871    19.2116254324    19.2903934732    19.3691620922    19.4479312721    19.5267009951    19.6054712431    19.6842419978    19.7630132404    19.8417849519    19.9205571129    19.9993297039    20.0781027051    20.1568760963    20.2356498572    20.3144239673    20.3931984058    20.4719731516    20.5507481837    20.6295234807    20.7082990211    20.7870747833    20.8658507453    20.9446268855    21.0234031817    21.1021796118    21.1809561536    21.2597327849    21.3385094833    21.4172862265    21.4960629921
   11.5748031496    11.6535049276    11.7322067291    11.8109085776    11.8896104964     11.968312509    12.0470146388     12.125716909    12.2044193427    12.2831219631    12.3618247932    12.4405278557    12.5192311734    12.5979347688    12.6766386643     12.755342882    12.8340474441    12.9127523722    12.9914576878    13.0701634124     13.148869567    13.2275761724    13.3062832491    13.3849908174    13.4636988972    13.5424075081    13.6211166695    13.6998264002     13.778536719    13.8572476441    13.9359591933    14.0146713842    14.0933842339    14.1720977591    14.2508119761    14.3295269007    14.4082425484    14.4869589343    14.5656760727     14.644393978    14.7231126635    14.8018321426    14.8805524277    14.9592735312    15.0379954646    15.1167182392    15.1954418654    15.2741663536    15.3528917132    15.4316179532    15.5103450823    15.5890731084    15.6678020389    15.7465318807    15.8252626401    15.9039943228     15.982726934    16.0614604784      16.14019496    16.2189303822     16.297666748    16.3764040597     16.455142319    16.5338815272    16.6126216846    16.6913627915    16.7701048471    16.8488478503    16.9275917995    17.0063366922    17.0850825255    17.1638292961    17.2425769998     17.321325632    17.4000751876    17.4788256608    17.5575770452    17.6363293341    17.7150825199    17.7938365948    17.8725915501     17.951347377    18.0301040656     18.108861606    18.1876199876     18.266379199    18.3451392288    18.4239000647    18.5026616941    18.5814241039    18.6601872803    18.7389512095    18.8177158767     18.896481267     18.975247365    19.0540141548      19.13278162    19.2115497441    19.2903185098    19.3690878997    19.4478578959    19.5266284801    19.6053996337    19.6841713378    19.7629435729    19.8417163196    19.9204895579    19.9992632675    20.0780374279    20.1568120182    20.2355870175    20.3143624044    20.3931381574    20.4719142546    20.5506906741    20.6294673936    20.7082443909    20.7870216434    20.8657991283    20.9445768229    21.0233547041    21.1021327489    21.1809109341    21.2596892365    21.3384676326    21.4172460991    21.4960246126    21.5748031496
   11.6535433071    11.7322433372    11.8109433919    11.8896434957    11.9683436731    12.0470439485    12.1257443464    12.2044448912    12.2831456069    12.3618465178    12.4405476479     12.519249021     12.597950661    12.6766525913    12.7553548354    12.8340574164    12.9127603573     12.991463681    13.0701674099    13.1488715664    13.2275761724    13.3062812498    13.3849868199     13.463692904    13.5423995229    13.6211066972    13.6998144469     13.778522792    13.8572317519    13.9359413456     14.014651592    14.0933625093    14.1720741153    14.2507864276    14.3294994632    14.4082132387    14.4869277702    14.5656430734    14.6443591636    14.7230760554    14.8017937631    14.8805123004    14.9592316805    15.0379519163    15.1166730197    15.1953950026     15.274117876    15.3528416506    15.4315663362    15.5102919425    15.5890184782    15.6677459518     15.746474371     15.825203743    15.9039340744    15.9826653711    16.0613976387    16.1401308819     16.218865105    16.2976003116    16.3763365047    16.4550736868    16.5338118597    16.6125510246     16.691291182    16.7700323321    16.8487744742     16.927517607    17.0062617288    17.0850068372     17.163752929    17.2425000008    17.3212480481    17.3999970663    17.4787470499    17.5574979929    17.6362498886      17.71500273    17.7937565091    17.8725112178    17.9512668471    18.0300233875    18.1087808291    18.1875391611    18.2662983726    18.3450584518    18.4238193866    18.5025811643    18.5813437715    18.6601071947    18.7388714195    18.8176364312    18.8964022147    18.9751687541    19.0539360335    19.1327040361    19.2114727451    19.2902421428    19.3690122114    19.4477829326    19.5265542876    19.6053262575    19.6840988228    19.7628719635    19.8416456596    19.9204198904    19.9991946352    20.0779698728    20.1567455818    20.2355217403    20.3142983263    20.3930753177    20.4718526917    20.5506304256    20.6294084966    20.7081868812    20.7869655563    20.8657444981     20.944523683    21.0233030871    21.1020826863    21.1808624566    21.2596423736    21.3384224132    21.4172025508     21.495982762    21.5747630222    21.6535433071
   11.7322834646    11.8109817714    11.8896801038    11.9683784875    12.0470769478    12.1257755105    12.2044742009    12.2831730444    12.3618720663    12.4405712917    12.5192707457    12.5979704532     12.676670439    12.7553707276    12.8340713434    12.9127723106    12.9914736533    13.0701753951    13.1488775595    13.2275801699    13.3062832491    13.3849868199    13.4636909047    13.5423955255     13.621100704    13.6998064617    13.7785128197    13.8572197986    13.9359274186    14.0146356998    14.0933446616    14.1720543231     14.250764703    14.3294758194    14.4081876902    14.4869003327    14.5656137637    14.6443279995    14.7230430561    14.8017589487    14.8804756923    14.9591933011    15.0379117889    15.1166311691    15.1953514543    15.2740726566    15.3527947877    15.4315178587    15.5102418799    15.5889668612     15.667692812    15.7464197409    15.8251476559    15.9038765647    15.9826064741    16.0613373903     16.140069319    16.2188022653    16.2975362335    16.3762712275    16.4550072504    16.5337443047    16.6124823923    16.6912215146    16.7699616721    16.8487028648    16.9274450921    17.0061883527    17.0849326447    17.1636779657    17.2424243124    17.3211716811    17.3999200673     17.478669466    17.5574198716    17.6361712778    17.7149236776    17.7936770637    17.8724314279    17.9511867615    18.0299430552    18.1087002992     18.187458483    18.2662175956    18.3449776254    18.4237385602    18.5025003873    18.5812630935    18.6600266649    18.7387910872    18.8175563456    18.8963224247    18.9750893087    19.0538569811    19.1326254253    19.2113946238    19.2901645589    19.3689352123    19.4477065655    19.5264785993    19.6052512942    19.6840246303    19.7627985873    19.8415731446     19.920348281    19.9991239752    20.0779002054    20.1566769495    20.2354541853    20.3142318899    20.3930100404    20.4717886136    20.5505675859    20.6293469337    20.7081266328    20.7869066592    20.8656869884    20.9444675959    21.0232484569    21.1020295464    21.1808108395     21.259592311    21.3383739356    21.4171556879    21.4959375425    21.5747194739    21.6535014564    21.7322834646
    11.811023622    11.8897202312    11.9684168669     12.047113556    12.1258103249    12.2045072002    12.2832042085     12.361901376    12.4405987292    12.5192962941     12.597994097    12.6766921636    12.7553905198    12.8340891911    12.9127882028    12.9914875803    13.0701873484    13.1488875318     13.227588155    13.3062892423    13.3849908174     13.463692904    13.5423955255    13.6210987047    13.6998024643    13.7785068265    13.8572118134    13.9359174463    14.0146237465    14.0933307346    14.1720384309    14.2507468553    14.3294560272    14.4081659656    14.4868766889    14.5655882152     14.644300562    14.7230137463    14.8017277847     14.880442693    14.9591584867    15.0378751808    15.1165927896    15.1953113269     15.274030806    15.3527512394    15.4314726393    15.5101950171    15.5889183837    15.6676427494    15.7463681238    15.8250945161    15.9038219345     15.982550387    16.0612798807     16.140010422    16.2187420169    16.2974746707    16.3762083878    16.4549431723    16.5336790275    16.6124159559    16.6911539596    16.7698930398    16.8486331973     16.927374432    17.0061167433    17.0848601298    17.1636045896      17.24235012    17.3210967178     17.399844379     17.478593099    17.5573428726    17.6360936939    17.7148455563    17.7935984528    17.8723523755     17.951107316    18.0298632653    18.1086202136    18.1873781507    18.2661370658    18.3448969473    18.4236577832    18.5024195609     18.581182267    18.6599458879    18.7387104091    18.8174758157    18.8962420924     18.975009223    19.0537771912    19.1325459798    19.2113155714     19.290085948    19.3688570911    19.4476289816    19.5264016003    19.6051749271     19.683948942     19.762723624    19.8414989521    19.9202749048    19.9990514602    20.0778285959    20.1566062895    20.2353845178    20.3141632577    20.3929424854    20.4717221771    20.5505023087    20.6292828556    20.7080637931    20.7868450963      20.86562674    20.9444086988    21.0231909472    21.1019734593    21.1807562093    21.2595391711    21.3383223186    21.4171056253    21.4958890649     21.574672611     21.653456237    21.7322399162     21.811023622
   11.8897637795    11.9684587176    12.0471536833    12.1258487043    12.2045438083    12.2832390228    12.3619343753    12.4406298932    12.5193256039    12.5980215345    12.6767177121    12.7554141636    12.8341109157     12.912807995     12.991505428    13.0702032406    13.1489014588    13.2276001083    13.3062992145    13.3849988026    13.4636988972    13.5423995229     13.621100704    13.6998024643    13.7785048272    13.8572078159    13.9359114532    14.0146157613    14.0933207623    14.1720264776    14.2507329283     14.329440135    14.4081481179    14.4868568967    14.5655664906    14.6442769182    14.7229881979    14.8017003472    14.8804133832    14.9591273226    15.0378421815    15.1165579752    15.1952747188    15.2739924265     15.352711112    15.4314307886    15.5101514687    15.5888731642    15.6675958866    15.7463196463    15.8250444535    15.9037703175    15.9824972472    16.0612252505    16.1399543349    16.2186845073    16.2974157736    16.3761481394    16.4548816095    16.5336161878    16.6123518779    16.6910886824    16.7698266034    16.8485656423    16.9273057998    17.0060470758    17.0847894697    17.1635329801     17.242277605    17.3210233416    17.3997701865    17.4785181357    17.5572671842    17.6360173268    17.7147685573     17.793520869    17.8722742543    17.9510287052    18.0297842129    18.1085407681    18.1872983608    18.2660569802     18.344816615    18.4235772534    18.5023388828      18.58110149    18.6598650614    18.7386295826    18.8173950387    18.8961614143    18.9749286932    19.0536968588    19.1324658942    19.2112357815    19.2900065025    19.3687780387    19.4475503707     19.526323479    19.6050973433    19.6838719429    19.7626472569    19.8414232638    19.9201999415    19.9989772677    20.0777552198    20.1565337745    20.2353129084    20.3140925976    20.3928728179    20.4716535449    20.5504347537    20.6292164191    20.7079985159    20.7867810182    20.8655639003    20.9443471359    21.0231306988    21.1019145622    21.1806986996     21.259483084    21.3382676884    21.4170524854    21.4958374479    21.5746225484    21.6534077594    21.7321930533    21.8109784026    21.8897637795
    11.968503937    12.0471972317     12.125890555    12.2045839357    12.2832774023    12.3619709834    12.4406647076    12.5193586032    12.5980526985    12.6767470218    12.7554416011    12.8341364642    12.9128316388    12.9915271526    13.0702230328    13.1489193065    13.2276160006    13.3063131416    13.3850107559    13.4637088695    13.5424075081    13.6211066972    13.6998064617    13.7785068265    13.8572078159    13.9359094538    14.0146117638    14.0933147691    14.1720184924     14.250722956    14.3294281817    14.4081341909    14.4868410045    14.5655486429     14.644257126    14.7229664732    14.8016767034    14.8803878348    14.9590998851    15.0378128717    15.1165268112    15.1952417195    15.2739576121    15.3526745039    15.4313924091    15.5101113413    15.5888313136    15.6675523382    15.7462744269    15.8249975907      15.90372184    15.9824471846    16.0611736335    16.1399011951    16.2186298771    16.2973596865    16.3760906298    16.4548227124    16.5335559394     16.612290315    16.6910258427    16.7697625253    16.8485003651    16.9272393633    17.0059795208    17.0847208375    17.1634633127     17.242206945    17.3209517322    17.3996976716    17.4784447595    17.5571929918    17.6359423635     17.714692869    17.7934445019    17.8721972552    17.9509511213    18.0297060917    18.1084621573    18.1872193084    18.2659775347     18.344736825    18.4234971677    18.5022585505    18.5810209602    18.6597843833    18.7385488057    18.8173142123    18.8960805878    18.9748479162    19.0536161808    19.1323853643    19.2111554491    19.2899264169    19.3686982487    19.4474709253    19.5262444266    19.6050187324    19.6837938216     19.762569673    19.8413462647    19.9201235744    19.9989015794    20.0776802564     20.156459582    20.2352395322    20.3140200826    20.3928012085    20.4715828848    20.5503650862    20.6291477869    20.7079309608    20.7867145818     20.865498623    20.9442830578     21.023067859    21.1018529993    21.1806384512     21.259424187    21.3382101787    21.4169963983    21.4957828177    21.5745694085    21.6533561424    21.7321429907     21.810929925    21.8897169167     21.968503937
   12.0472440945    12.1259357744     12.204627484    12.2833192529    12.3620111108    12.4407030871    12.5193952113    12.5980875129    12.6767800211    12.7554727651    12.8341657739    12.9128590763    12.9915527011    13.0702466766    13.1489410311    13.2276357928    13.3063309892    13.3850266481    13.4637227965    13.5424194614    13.6211166695    13.6998144469    13.7785128197    13.8572118134    13.9359114532    14.0146117638    14.0933127698    14.1720144949    14.2507169628    14.3294201965    14.4081242186    14.4868290512    14.5655347159    14.6442412338    14.7229486256    14.8016569112    14.8803661101    14.9590762414    15.0377873233    15.1164993737    15.1952124097     15.273926448    15.3526415046    15.4313575948    15.5100747332    15.5887929341    15.6675122108    15.7462325762    15.8249540423    15.9036766205    15.9824003217    16.0611251559    16.1398511325    16.2185782601    16.2973065467    16.3760359996    16.4547666253    16.5334984297    16.6122314179    16.6909655943    16.7697009625    16.8484375254    16.9271752853    17.0059142436    17.0846544011    17.1633957577    17.2421383127    17.3208820647    17.3996270115    17.4783731501    17.5571204768    17.6358689874    17.7146186766    17.7933695386    17.8721215669    17.9508747542    18.0296290926    18.1083845734    18.1871411872    18.2658989238    18.3446577727    18.4234177223    18.5021787605    18.5809408746     18.659704051    18.7384682758    18.8172335342    18.8959998109    18.9747670898    19.0535353543    19.1323045873     19.211074771     19.289845887    19.3686179164    19.4473908396    19.5261646367    19.6049392869    19.6837147693    19.7624910622    19.8412681434    19.9200459905    19.9988245803    20.0776038894    20.1563838937    20.2351645688    20.3139458901    20.3927278323    20.4715103698    20.5502934768    20.6290771268    20.7078612934    20.7866459495     20.865431068    20.9442166214    21.0230025818    21.1017889213    21.1805756115    21.2593626241    21.3381499303    21.4169375012     21.495725308    21.5745133214    21.6533015121    21.7320898508     21.810878308    21.8896668541    21.9684554594    22.0472440945
    12.125984252    12.2046743469    12.2833644724    12.3620546591    12.4407449377    12.5194353387    12.5981258924    12.6768166292    12.7555075795    12.8341987732    12.9128902404    12.9915820108    13.0702741141    13.1489665796    13.2276594366    13.3063527139    13.3850464403    13.4637406442    13.5424353536    13.6211305965    13.6998264002     13.778522792    13.8572197986    13.9359174463    14.0146157613    14.0933147691    14.1720144949    14.2507149635     14.329416199    14.4081182255     14.486821066    14.5655247436    14.6442292805    14.7229346985     14.801641019    14.8803482624    14.9590564491    15.0377655986    15.1164757299    15.1951868613    15.2738990105    15.3526121949    15.4313264307    15.5100417339    15.5887581197    15.6674756027    15.7461941967    15.8249139149    15.9036347699    15.9823567734    16.0610799365    16.1398042696    16.2185297825    16.2972564841    16.3759843826    16.4547134855    16.5334437996    16.6121753308    16.6909080846    16.7696420654     16.848377277    16.9271137224    17.0058514039     17.084590323    17.1633304805    17.2420718763    17.3208145097    17.3995583793    17.4783034826    17.5570498168    17.6357973779    17.7145461616    17.7932961624    17.8720473745    17.9507997909    18.0295534043    18.1083082063    18.1870641881      18.26582134    18.3445796514    18.4233391114    18.5020997082    18.5808614291    18.6596242611    18.7383881902    18.8171532019     18.895919281    18.9746864117    19.0534545773    19.1322237609    19.2109939446    19.2897651101    19.3685372383    19.4473103098    19.5260843043    19.6048592013    19.6836349793    19.7624116167    19.8411890911    19.9199673796     19.998746459    20.0775263055    20.1563068946    20.2350882018    20.3138702018     20.392652869    20.4714361774    20.5502201006    20.6290046118    20.7077896839    20.7865752894    20.8653614005    20.9441479891    21.0229350268    21.1017224848    21.1805103343     21.259298546    21.3380870905    21.4168759383    21.4956650596    21.5744544243    21.6532440025    21.7320337637    21.8108236778    21.8896137142    21.9684038424    22.0471940319     22.125984252
   12.2047244094    12.2834129499     12.362101522    12.4407901572     12.519478887     12.598167743    12.6768567566     12.755545959    12.8342353813    12.9129250548    12.9916150101    13.0703052781    13.1489958893     13.227686874    13.3063782623    13.3850700841    13.4637623688    13.5424551458    13.6211484441    13.6998422924     13.778536719    13.8572317519    13.9359274186    14.0146237465    14.0933207623    14.1720184924    14.2507169628     14.329416199    14.4081162261    14.4868170686    14.5655187505    14.6442212954    14.7229247263    14.8016290656    14.8803343354    14.9590405569     15.037747751    15.1164559377    15.1951651366    15.2738753668    15.3525866464    15.4312989932    15.5100124242    15.5887269557    15.6674426034    15.7461593824    15.8248773068    15.9035963904     15.982316646    16.0610380858    16.1397607213    16.2184845631    16.2972096213     16.375935905    16.4546634229    16.5333921825     16.612122191    16.6908534544    16.7695859783    16.8483197673    16.9270548254    17.0057911555    17.0845287601    17.1632676408    17.2420077982    17.3207492325    17.3994919428    17.4782359276    17.5569811845    17.6357277105    17.7144755015     17.793224553    17.8719748595    17.9507264148    18.0294792118     18.108233243    18.1869884998    18.2657449729    18.3445026524    18.4232615275    18.5020215869    18.5807828182    18.6595452087    18.7383087447    18.8170734119    18.8958391954    18.9746060793    19.0533740475    19.1321430828    19.2109131676    19.2896842836    19.3684564119    19.4472295328    19.5260036262    19.6047786714     19.683554647     19.762331531    19.8411093011    19.9198879342    19.9986674067    20.0774476946    20.1562287733    20.2350106179    20.3137932027    20.3925765019     20.471360489    20.5501451372    20.6289304193    20.7077163077    20.7865027744    20.8652897911    20.9440773291    21.0228653593    21.1016538526    21.1804427792    21.2592321095    21.3380218133    21.4168118603    21.4956022199    21.5743928614     21.653183754    21.7319748667    21.8107661681    21.8895576271    21.9683492122     22.047140892    22.1259326349    22.2047244094
   12.2834645669    12.3621515846    12.4408386347    12.5195257498    12.5982129625    12.6769003049    12.7555878096    12.8342755087    12.9129634342    12.9916516182    13.0703400925    13.1490288886    13.2277180381    13.3064075721    13.3850975216    13.4637879173    13.5424787896    13.6211701688    13.6998620846    13.7785545667    13.8572476441    13.9359413456    14.0146356998    14.0933307346    14.1720264776     14.250722956    14.3294201965    14.4081182255    14.4868170686    14.5655167511    14.6442172979    14.7229187331    14.8016210805    14.8803243631    14.9590286036     15.037733824    15.1164400455     15.195147289    15.2738555746    15.3525649217    15.4312753494    15.5099868757    15.5886995182    15.6674132937    15.7461282183    15.8248443075     15.903561576    15.9822800379    16.0609997063    16.1397205939    16.2184427124    16.2971660729    16.3758906856      16.45461656     16.533343705    16.6120721284    16.6908018374    16.7695328385    16.8482651371    16.9269987383    17.0057336458    17.0844698631    17.1632073924    17.2419462354    17.3206863928    17.3994278648    17.4781706504    17.5569147481    17.6356601555    17.7144068693    17.7931548855    17.8719041994    17.9506548053    18.0294066969    18.1081598669    18.1869143073    18.2656700096    18.3444269641    18.4231851605    18.5019445879    18.5807052344    18.6594670874    18.7382301339    18.8169943596    18.8957597499    18.9745262894    19.0532939618    19.1320627505    19.2108326378    19.2896036055    19.3683756349    19.4471487064    19.5259227998    19.6046978944    19.6834739689    19.7622510012    19.8410289688    19.9198078485    19.9985876167    20.0773682491     20.156149721     20.234932007    20.3137150814     20.392498918      20.47128349    20.5500687702     20.628854731    20.7076413444     20.786428582    20.8652164149    20.9440048141    21.0227937499    21.1015831925    21.1803731118    21.2591634773    21.3379542583    21.4167454238    21.4955369426    21.5743287834    21.6531209143    21.7319133038    21.8107059197      21.88949873    21.9682917025    22.0470848049    22.1258780047    22.2046712696    22.2834645669
   12.3622047244    12.4408902517    12.5195758124      12.59826144    12.6769471678     12.755633029     12.834319057    12.9130052849    12.9916917456     13.070378472    13.1490654968    13.2277528525    13.3064405714    13.3851286856     13.463817227    13.5425062271    13.6211957172    13.6998857284    13.7785762913    13.8572674363    13.9359591933     14.014651592    14.0933446616    14.1720384309    14.2507329283    14.3294281817    14.4081242186     14.486821066    14.5655187505    14.6442172979    14.7229167338     14.801617083      14.88031837    14.9590206185    15.0377238517    15.1164280922    15.1951333619    15.2738396823    15.3525470741    15.4312555572    15.5099651511    15.5886758744    15.6673877452    15.7461007808    15.8248149978     15.903530412    15.9822470386     16.060964892    16.1396839858    16.2184043329    16.2971259455    16.3758488349    16.4545730117    16.5332984856    16.6120252656    16.6907533599    16.7694827759    16.8482135201    16.9269455984    17.0056790157     17.084413776    17.1631498827    17.2418873383    17.3206261444    17.3993663019    17.4781078107      17.55685067    17.6355948782    17.7143404329    17.7930873305    17.8718355672    17.9505851379    18.0293360368    18.1080882574    18.1868417924    18.2655966334    18.3443527716    18.4231101972    18.5018688995    18.5806288673    18.6593900884      18.73815255    18.8169162383     18.895681139     18.974447237    19.0532145164    19.1319829605    19.2107525521    19.2895232732     19.368295105    19.4470680283    19.5258420228     19.604617068    19.6833931424    19.7621702242    19.8409482907    19.9197273187    19.9985072844    20.0772881635     20.156069931    20.2348525616    20.3136360291    20.3924203071    20.4712053687    20.5499911863     20.628777732    20.7075649773    20.7863528936    20.8651414516    20.9439306216    21.0227203737    21.1015106775    21.1803015023    21.2590928172    21.3378845908    21.4166767916    21.4954693876    21.5742623469    21.6530556371    21.7318492257      21.81064308    21.8894371671    21.9682314541    22.0470259078     22.125820495    22.2046151825    22.2834099367    22.3622047244
   12.4409448819    12.5196289523     12.598313057    12.6769972304    12.7556815066    12.8343659199    12.9130505043    12.9917352939    13.0704203226    13.1491056241    13.2277912319    13.3064771795       13.3851635    13.4638502263    13.5425373912     13.621225027    13.6999131659    13.7786018398    13.8572910801    13.9359809179    14.0146713842    14.0933625093    14.1720543231    14.2507468553     14.329440135    14.4081341909    14.4868290512    14.5655247436    14.6442212954    14.7229187331     14.801617083    14.8803163706     14.959016621    15.0377178585     15.116420107    15.1951233897     15.273827729    15.3525331471     15.431239665    15.5099473034    15.5886560822    15.6673660206     15.746077137    15.8247894493    15.9035029745    15.9822177288    16.0609337279    16.1396509865    16.2183695186    16.2970893374    16.3758104555    16.4545328843    16.5332566349    16.6119817172    16.6907081404     16.769435913    16.8481650426    16.9268955358    17.0056273986    17.0843606361    17.1630952525    17.2418312512    17.3205686348    17.3993074048    17.4780475623    17.5567891072    17.6355320385    17.7142763548    17.7930220533    17.8717691308    17.9505175829    18.0292674046      18.10801859    18.1867711323     18.265525024    18.3442802566     18.423036821    18.5017947071     18.580553904    18.6593144001    18.7380761829    18.8168392393    18.8956035552    18.9743691157    19.0531359055    19.1319039082    19.2106731067    19.2894434832    19.3682150194    19.4469876959     19.525761493    19.6045363899    19.6833123655    19.7620893978    19.8408674642    19.9196465417    19.9984266063    20.0772076336    20.1559895987    20.2347724759    20.3135562391    20.3923408617    20.4711263163    20.5499125754    20.6286996107    20.7074873934    20.7862758946    20.8650650845    20.9438549332    21.0226454103     21.101436485    21.1802281261    21.2590203022    21.3378129814    21.4166061315    21.4953997201    21.5741937147    21.6529880821    21.7317827892    21.8105778027     21.889373089    21.9681686144    22.0469643449    22.1257602466    22.2045562854     22.283352427    22.3621486373    22.4409448819
   12.5196850394    12.5983676872    12.6770503702    12.7557331236    12.8344159824    12.9130989818    12.9917821568    13.0704655421    13.1491491725    13.2278330826    13.3065173069    13.3852018795    13.4638868344    13.5425722055    13.6212580263      13.69994433    13.7786311495    13.8573185176    13.9360064664     14.014695028    14.0933842339    14.1720741153     14.250764703    14.3294560272    14.4081481179    14.4868410045    14.5655347159    14.6442292805    14.7229247263    14.8016210805      14.88031837     14.959016621    15.0377158592    15.1164161095    15.1951173965    15.2738197439    15.3525231748    15.4312277117    15.5099333764      15.58864019    15.6673481729    15.7460573448    15.8247677247    15.9034793307    15.9821921804    16.0609062904    16.1396216767    16.2183383545    16.2970563381    16.3757756411    16.4544962762    16.5332182554    16.6119415898    16.6906662898    16.7693923647    16.8481198231     16.926848673    17.0055789211    17.0843105735    17.1630436355    17.2417781114    17.3205140046    17.3992513177    17.4779900526    17.5567302101    17.6354717901    17.7142147919    17.7929592136    17.8717050527    17.9504523056    18.0292009681     18.107951035    18.1867025001    18.2654553565    18.3442095966    18.4229652116    18.5017221921    18.5804805278    18.6592402076    18.7380012196    18.8167635509    18.8955271881    18.9742921167    19.0530583216    19.1318257869    19.2105944958    19.2893644309    19.3681355739     19.446907906    19.5256814073    19.6044560576    19.6832318356    19.7620087197    19.8407866873    19.9195657152    19.9983457798    20.0771268566    20.1559089206     20.234691946    20.3134759068     20.392260776    20.4710465264    20.5498331299    20.6286205583    20.7074087826    20.7861977733    20.8649875006    20.9437779342    21.0225690433    21.1013607967    21.1801531628    21.2589461097    21.3377396052    21.4165336165    21.4953281107    21.5741230546    21.6529184146     21.731714157    21.8105102477    21.8893066526    21.9681033371    22.0469002668    22.1256974069    22.2044947225    22.2832921786    22.3620897402    22.4408873722    22.5196850394
   12.5984251969    12.6771064573    12.7557877538    12.8344691223    12.9131505989    12.9918322194    13.0705140196    13.1491960353     13.227878302    13.3065608552    13.3852437301    13.4639269618     13.542610585    13.6212946344    13.6999791443    13.7786641488    13.8573496816    13.9360357761    14.0147224655    14.0934097824    14.1720977591    14.2507864276    14.3294758194    14.4081659656    14.4868568967    14.5655486429    14.6442412338    14.7229346985    14.8016290656    14.8803243631    14.9590206185    15.0377178585    15.1164161095    15.1951153972    15.2738157464    15.3525171816    15.4312197265    15.5099234041    15.5886282367    15.6673342459    15.7460414526     15.824749877    15.9034595385    15.9821704557    16.0608826466    16.1395961283     16.218310917    16.2970270284     16.375744477    16.4544632769     16.533183441    16.6119049817    16.6906279103    16.7693522373    16.8480779725    16.9268051246    17.0055337016    17.0842637107     17.162995158    17.2417280488    17.3204623875    17.3991981779    17.4779354224     17.556674123    17.6354142805    17.7141558948    17.7928989652    17.8716434898    17.9503894659    18.0291368901    18.1078857577    18.1866360636    18.2653878015    18.3441409643    18.4228955441     18.501651532    18.5804089184    18.6591676926    18.7379278434    18.8166893585    18.8954522248    18.9742164284    19.0529819546    19.1317487879    19.2105169119    19.2892863096    19.3680569631    19.4468288536    19.5256019618    19.6043762676      19.68315175    19.7619283873    19.8407061574    19.9194850371    19.9982650029    20.0770460302    20.1558280941    20.2346111691    20.3133952287    20.3921802462     20.470966194    20.5497530443    20.6285407683    20.7073293371    20.7861187209    20.8649088897    20.9436998129    21.0224914594    21.1012837976    21.1800767957    21.2588704214    21.3376646418     21.416459424    21.4952547345    21.5740505396    21.6528468051    21.7316434969    21.8104405802    21.8892380203    21.9680357821    22.0468338304    22.1256321297    22.2044306444    22.2832293389    22.3620281773    22.4408271238    22.5196261423    22.5984251969
   12.6771653543    12.7558452634    12.8345252094     12.913205229    12.9918853592    13.0705656366    13.1492460979    13.2279267796     13.306607718    13.3852889495    13.4639705101    13.5426524357    13.6213347618    13.7000175238    13.7787007569     13.857384496    13.9360687755    14.0147536295    14.0934390921    14.1721251966    14.2508119761    14.3294994632    14.4081876902    14.4868766889    14.5655664906     14.644257126    14.7229486256     14.801641019    14.8803343354    14.9590286036    15.0377238517     15.116420107    15.1951173965    15.2738157464    15.3525151823     15.431215729    15.5099174109    15.5886202515    15.6673242736    15.7460294993      15.82473595    15.9034436463    15.9821526081    16.0608628544    16.1395744036    16.2182872732    16.2970014799    16.3757170395    16.4544339671     16.533152277    16.6118719824    16.6905930959    16.7693156292     16.848039593    16.9267649973     17.005491851    17.0842201623    17.1629499385    17.2416811859      17.32041391    17.3991481153    17.4778838054    17.5566209832    17.6353596503    17.7140998078    17.7928414555    17.8715845927    17.9503292175    18.0290753272     18.107822918    18.1865719856    18.2653225243    18.3440745279    18.4228279891    18.5015828998    18.5803392509    18.6590970326     18.737856234    18.8166168435    18.8953788486    18.9741422359    19.0529069912    19.1316730995    19.2104405449    19.2892093106    19.3679793792    19.4467507323     19.525523351    19.6042972152    19.6830723045    19.7618485974    19.8406260717    19.9194047048     19.998184473    20.0769653521    20.1557473171    20.2345303426    20.3133144022    20.3920994692    20.4708855159    20.5496725144     20.628460436    20.7072492514     20.786038931    20.8648294443    20.9436207605    21.0224128485    21.1012056763    21.1799992118    21.2587934223    21.3375882748    21.4163837357    21.4951797712    21.5739763471     21.652773429    21.7315709819    21.8103689708    21.8891673602    21.9679661146    22.0467651981    22.1255645746    22.2043642079    22.2831640617    22.3619640992    22.4407642841    22.5195645794    22.5983649484    22.6771653543
   12.7559055118    12.8345841064    12.9132627387    12.9919414463    13.0706202668    13.1492992377    13.2279783966    13.3066577806    13.3853374271     13.464017373    13.5426976551    13.6213783101    13.7000593745    13.7787408843    13.8574228755    13.9361053836    14.0147884439    14.0934720914    14.1721563606    14.2508412858    14.3295269007    14.4082132387    14.4869003327    14.5655882152    14.6442769182    14.7229664732    14.8016569112    14.8803482624    14.9590405569     15.037733824    15.1164280922    15.1951233897    15.2738197439    15.3525171816     15.431215729    15.5099154116     15.588616254    15.6673182804    15.7460215141    15.8247259777     15.903431693     15.982138681    16.0608469622     16.139556556     16.218267481    16.2969797553    16.3756933957    16.4544084187    16.5331248395    16.6118426727    16.6905619319    16.7692826299    16.8480047786    16.9267283891    17.0054534715     17.084180035    17.1629080879    17.2416376376    17.3203686906    17.3991012525    17.4778353279    17.5565709206    17.6353080333    17.7140466679    17.7927868254    17.8715285057    17.9502717079    18.0290164301    18.1077626696    18.1865104227    18.2652596846    18.3440104498    18.4227627119    18.5015164633    18.5802716959    18.6590284003    18.7377865665    18.8165461834    18.8953072392    18.9740697209    19.0528336151    19.1315989071    19.2103655815    19.2891336222    19.3679030121    19.4466737333    19.5254457671     19.604219094    19.6829936936     19.761769545    19.8405466263    19.9193249148    19.9981043873    20.0768850198    20.1556667873    20.2344496645    20.3132336252    20.3920186427    20.4708046895    20.5495917374    20.6283797579    20.7071687216    20.7859585986    20.8647493586    20.9435409706     21.022333403     21.101126624     21.179920601     21.258715301    21.3375106909    21.4163067366    21.4951034041    21.5739006587    21.6526984656    21.7314967894    21.8102955946    21.8890948452    21.9678945052     22.046694538    22.1254949072    22.2042955757    22.2830965066    22.3618976628    22.4406990068    22.5195005013    22.5983021087    22.6771037914    22.7559055118
   12.8346456693    12.9133229871    12.9920003433    13.0706777764    13.1493553248    13.2280330268    13.3067109205    13.3853890441    13.4640674355    13.5427461326    13.6214251729    13.7001045939    13.7787844327    13.8574647261    13.9361455109    14.0148268234    14.0935086995     14.172191175    14.2508742851    14.3295580648    14.4082425484    14.4869277702    14.5656137637     14.644300562    14.7229881979    14.8016767034    14.8803661101    14.9590564491     15.037747751    15.1164400455    15.1951333619     15.273827729    15.3525231748    15.4312197265    15.5099174109     15.588616254    15.6673162811    15.7460175166    15.8247199845    15.9034237078    15.9821287087    16.0608350089    16.1395426289    16.2182515888    16.2969619076    16.3756736035     16.454386694    16.5331011957    16.6118171242    16.6905344944    16.7692533201    16.8479736146    16.9266953898    17.0054186571    17.0841434268    17.1628697084    17.2415975102    17.3203268399    17.3990577041    17.4777901084    17.5565240577    17.6352595557    17.7139966053    17.7927352083    17.8714753658    17.9502170777     18.028960343      18.10770516    18.1864515256    18.2651994362    18.3439488869    18.4226998722    18.5014523853    18.5802064187    18.6589619639    18.7377190115    18.8164775512    18.8952375717    18.9739990609    19.0527620056    19.1315263921    19.2102922054    19.2890594298    19.3678280488     19.446598045       19.5253694    19.6041420949    19.6829161097    19.7616914237    19.8404680154    19.9192458625    19.9980249419    20.0768052298    20.1555867016    20.2343693322    20.3131530954    20.3919379646    20.4707239125     20.549510911    20.6282989314    20.7070879446    20.7858779205    20.8646688288    20.9434606382    21.0222533174     21.101046834    21.1798411555    21.2586362487      21.33743208    21.4162286153    21.4950258202    21.5738236597    21.6526220985    21.7314211011    21.8102206312    21.8890206528     21.967821129     22.046622023    22.1254232977    22.2042249156    22.2830268392    22.3618290305    22.4406314518    22.5194340648    22.5982368315    22.6770397133    22.7558426721    22.8346456693
   12.9133858268    12.9920619062    13.0707380248    13.1494142219    13.2280905364    13.3067670076    13.3854436743    13.4641205754    13.5427977496    13.6214752355    13.7001530714    13.7788312955    13.8575099455    13.9361890593     14.014868674    14.0935488269    14.1722295545    14.2509108932    14.3295928791    14.4082755477    14.4869589343    14.5656430734    14.6443279995    14.7230137463    14.8017003472    14.8803878348    14.9590762414    15.0377655986    15.1164559377     15.195147289    15.2738396823    15.3525331471    15.4312277117    15.5099234041    15.5886202515    15.6673182804    15.7460175166    15.8247179852    15.9034197103    15.9821227156    16.0608270237    16.1395326567    16.2182396355    16.2969479806    16.3756577113    16.4543688464    16.5330814035    16.6117953995    16.6905108506    16.7692277717    16.8479461771    16.9266660801    17.0053874931    17.0841104275     17.162834894    17.2415609021    17.3202884604    17.3990175767    17.4777482578    17.5564805093    17.6352143363    17.7139497425    17.7926867308    17.8714253032    17.9501654607    18.0289072032    18.1076505298    18.1863954385    18.2651419265    18.3438899899    18.4226396238    18.5013908224     18.580143579    18.6588978858    18.7376537343    18.8164111148    18.8951700167    18.9739304286    19.0526923382     19.131455732    19.2102205959    19.2889869148    19.3677546726    19.4465238525    19.5252944367    19.6040664066    19.6828397427    19.7616144247    19.8403904315    19.9191677412     19.997946331    20.0767261774    20.1555072562    20.2342895422    20.3130730097    20.3918576323    20.4706433826    20.5494302329    20.6282181545    20.7070071181    20.7857970941    20.8645880518    20.9433799601    21.0221727875    21.1009665017    21.1797610698    21.2585564587    21.3373526345     21.416149563    21.4949472093    21.5737455384    21.6525445146     21.731344102    21.8101442642    21.8889449644    21.9677461657    22.0465478306    22.1253499215    22.2041524006    22.2829552297    22.3617583705    22.4405617843    22.5193654326    22.5981692764    22.6769732769    22.7557773948    22.8345815912    22.9133858268
   12.9921259843    13.0708008645    13.1494757847    13.2281507848    13.3068259046    13.3855011839    13.4641766625    13.5428523798    13.6215283754    13.7002046885    13.7788813581    13.8575584231    13.9362359221    14.0149138935    14.0935923752    14.1722714051    14.2509510206    14.3296312586    14.4083121559    14.4869937486    14.5656760727    14.6443591636    14.7230430561    14.8017277847    14.8804133832    14.9590998851    15.0377873233    15.1164757299    15.1951651366    15.2738555746    15.3525470741     15.431239665    15.5099333764    15.5886282367    15.6673242736    15.7460215141    15.8247199845    15.9034197103    15.9821207163    16.0608230263    16.1395266635    16.2182316503    16.2969380083     16.375645758    16.4543549193    16.5330655113    16.6117775519    16.6904910584     16.769206047    16.8479225333    16.9266405316    17.0053600556    17.0840811178    17.1628037299    17.2415279028     17.320253646    17.3989809686    17.4777098783     17.556440382    17.6351724856    17.7139061941    17.7926415113    17.8713784404    17.9501169831    18.0288571406    18.1075989128    18.1863422987    18.2650872963    18.3438339028    18.4225821141    18.5013319253    18.5800833306    18.6588363229    18.7375908946    18.8163470367    18.8951047395    18.9738639922    19.0526247832    19.1313870998    19.2101509285    19.2889162547    19.3676830632    19.4464513375    19.5252210605    19.6039922141    19.6827647793    19.7615387363    19.8403140645    19.9190907422    19.9978687471    20.0766480561    20.1554286453    20.2342104898    20.3129935643    20.3917778423     20.470563297    20.5493499005    20.6281376246      20.70692644    20.7857163171    20.8645072253    20.9432991337    21.0220920105    21.1008858235      21.17968054    21.2584761264    21.3372725488     21.416069773    21.4948677638     21.573666486    21.6524659038    21.7312659807    21.8100666803    21.8888679654    21.9676697986    22.0464721422    22.1252749582    22.2040782081    22.2828818535    22.3616858555    22.4404901749    22.5192947725     22.598099609    22.6769046446    22.7557098398    22.8345151547    22.9133205495    22.9921259843
   13.0708661417    13.1495398628    13.2282136245    13.3068874675    13.3855614323    13.4642355595    13.5429098895    13.6215844625    13.7002593186    13.7789344979    13.8576100401    13.9362859847     14.014962371    14.0936392381    14.1723166246    14.2509945689    14.3296731092    14.4083522832    14.4870321281    14.5657126809     14.644393978    14.7230760554    14.8017589487     14.880442693    14.9591273226    15.0378128717    15.1164993737    15.1951868613    15.2738753668    15.3525649217    15.4312555572    15.5099473034      15.58864019    15.6673342459    15.7460294993    15.8247259777    15.9034237078    15.9821227156    16.0608230263    16.1395246642    16.2182276529    16.2969320151    16.3756377728    16.4543449471     16.533053558    16.6117636249    16.6904751661    16.7691881994    16.8479027411     16.926618807    17.0053364118    17.0840555693    17.1627762924     17.241498593     17.320222482    17.3989479693    17.4776750639    17.5564037739    17.6351341061    17.7138660667    17.7925996607     17.871334892    17.9500717637    18.0288102777    18.1075504352    18.1862922361    18.2650356793    18.3437807629    18.4225274839    18.5012758382    18.5800258209    18.6587774259    18.7375306462    18.8162854738    18.8950418998    18.9737999141    19.0525595059    19.1313206633    19.2100833734    19.2888476225    19.3676133957    19.4463806774    19.5251494511    19.6039196991    19.6826914032    19.7614645439    19.8402391011    19.9190150538    19.9977923801    20.0765710571    20.1553510614    20.2341323686    20.3129149534    20.3916987899    20.4704838515    20.5492701106    20.6280575389    20.7068461077    20.7856357872    20.8644265472    20.9432183567    21.0220111841    21.1008049971     21.179599763    21.2583954483     21.337192019    21.4159894406    21.4947876782    21.5735866961    21.6523864583    21.7311869284    21.8099880694    21.8887898441    21.9675922147    22.0463951432    22.1251985911    22.2040025198    22.2828068902     22.361611663    22.4404167987    22.5192222575    22.5980279995    22.6768339845    22.7556401723    22.8344465225    22.9132529945    22.9920595478    23.0708661417
   13.1496062992    13.2282789017    13.3069515455     13.385624272    13.4642971224    13.5429701379    13.6216433595    13.7003168283     13.778990585    13.8576646703    13.9363391246     14.015013988    14.0936893007    14.1723651021    14.2510414318    14.3297183287    14.4083958316    14.4870739788    14.5657528082    14.6444323574    14.7231126635    14.8017937631    14.8804756923    14.9591584867    15.0378421815    15.1165268112    15.1952124097    15.2738990105    15.3525866464    15.4312753494    15.5099651511    15.5886560822    15.6673481729    15.7460414526      15.82473595     15.903431693    15.9821287087    16.0608270237    16.1395266635    16.2182276529    16.2969300158    16.3756337754    16.4543389539    16.5330455728    16.6117536526    16.6904632128    16.7691742723    16.8478868489    16.9266009593    17.0053166196    17.0840338447    17.1627526486    17.2414730446    17.3201950445    17.3989186595    17.4776438999    17.5563707746    17.6350992918    17.7138294586    17.7925612812    17.8712947646     17.950029913    18.0287667294    18.1075052158    18.1862453732    18.2649872018    18.3437307003    18.4224758669    18.5012226984    18.5799711907    18.6587213388    18.7374731365    18.8162265767    18.8949816514    18.9737383512    19.0524966662    19.1312565853    19.2100180962     19.288781186    19.3675458407    19.4463120452    19.5250797836    19.6038490391    19.6826197937    19.7613920289     19.840165725    19.9189408614    19.9977174167    20.0764953688    20.1552746943    20.2340553695    20.3128373695    20.3916206687    20.4704052406    20.5491910582    20.6279780935    20.7067663177    20.7855557016    20.8643462149    20.9431378268    21.0219305059    21.1007242201    21.1795189365    21.2583146218     21.337111242    21.4159087625    21.4947071483    21.5735063637    21.6523063726    21.7311071384    21.8099086239    21.8887107917    21.9675136038    22.0463170219    22.1251210072    22.2039255207    22.2827305231    22.3615359746    22.4403418353     22.519148065    22.5979546233    22.6767614695    22.7555685629    22.8343758624     22.913183327    22.9919909155    23.0707985867    23.1496062992
   13.2283464567     13.307017982    13.3856895492    13.4643612004    13.5430329776    13.6217049224    13.7003770767     13.779049482    13.8577221799    13.9363952116    14.0150686182    14.0937424405    14.1724167191    14.2510914944    14.3297668062    14.4084426944    14.4871191982    14.5657963566    14.6444742081    14.7231527909    14.8018321426    14.8805123004    14.9591933011    15.0378751808    15.1165579752    15.1952417195     15.273926448    15.3526121949    15.4312989932    15.5099868757    15.5886758744    15.6673660206    15.7460573448     15.824749877    15.9034436463     15.982138681    16.0608350089    16.1395326567    16.2182316503    16.2969320151    16.3756337754    16.4543369546    16.5330415753    16.6117476594    16.6904552277       16.7691643    16.8478748955    16.9265870323    17.0053007274     17.084015997    17.1627328564    17.2414513199    17.3201714007    17.3988931111    17.4776164624    17.5563414648    17.6350681277    17.7137964593    17.7925264668    17.8712581565    17.9499915335     18.028726602    18.1074633651    18.1862018249    18.2649419823    18.3436838375    18.4224273893    18.5011726358    18.5799195737    18.6586681989    18.7374185063    18.8161704896    18.8949241417    18.9736794542    19.0524364178    19.1311950224    19.2099552565     19.288717108    19.3674805635    19.4462456088    19.5250122286    19.6037804068    19.6825501263    19.7613213688    19.8400941155    19.9188683464    19.9976440405    20.0764211763     20.155199731    20.2339796812    20.3127610024    20.3915436696    20.4703276567    20.5491129369    20.6278994826    20.7066872654    20.7854762561    20.8642664249    20.9430577412    21.0218501736    21.1006436902    21.1794382584    21.2582338448    21.3370304155    21.4158279361    21.4946263713    21.5734256856    21.6522258428     21.731026806    21.8098285383    21.8886310017    21.9674341583    22.0462379695    22.1250423963    22.2038473994    22.2826529392    22.3614589756    22.4402654683    22.5190723767      22.59787966    22.6766872771    22.7554951867    22.8343033474    22.9131117176    22.9919202555    23.0707289192     23.149537667    23.2283464567
   13.3070866142    13.3857571042    13.4644276369    13.5430982548    13.6217690004    13.7004399164    13.7791110449    13.8577824283    13.9364541087    14.0151261279    14.0937985276    14.1724713493    14.2511446342    14.3298184232     14.408492757    14.4871676757    14.5658432194    14.6445194275    14.7231963392    14.8018739932    14.8805524277    14.9592316805    15.0379117889    15.1165927896    15.1952747188    15.2739576121    15.3526415046    15.4313264307    15.5100124242    15.5886995182    15.6673877452     15.746077137    15.8247677247    15.9034595385    15.9821526081    16.0608469622    16.1395426289    16.2182396355    16.2969380083    16.3756377728    16.4543389539    16.5330415753    16.6117456601    16.6904512302    16.7691583069    16.8478669104      16.92657706     17.005288774      17.08400207    17.1627169642    17.2414334722    17.3201516085    17.3988713864    17.4775928186    17.5563159163    17.6350406902    17.7137671495    17.7924953028    17.8712251572    17.9499567191    18.0286899939    18.1074249856    18.1861616975    18.2649001316    18.3436402891    18.4223821699    18.5011257729    18.5798710961    18.6586181363    18.7373668893    18.8161173498    18.8948695115    18.9736233671    19.0523789081    19.1311361253    19.2098950081    19.2886555451    19.3674177238    19.4461815307    19.5249469514    19.6037139704    19.6824825712    19.7612527366     19.840024448    19.9187976863    19.9975724311    20.0763486613    20.1551263548    20.2339054887    20.3126860391    20.3914679813    20.4702512897    20.5490359379    20.6278218987    20.7066091441    20.7853976452    20.8641873725    20.9429782957    21.0217703836    21.1005636046    21.1793579261    21.2581533149    21.3369497374    21.4157471591    21.4945455449    21.5733448592    21.6521450658    21.7309461279    21.8097480084    21.8885506694    21.9673540727    22.0461581795    22.1249629508    22.2037683471    22.2825743283    22.3613808543    22.4401878844    22.5189953776    22.5978032929    22.6766115887    22.7554202234    22.8342291549    22.9130383414    22.9918477405    23.0706573098    23.1494670069    23.2282767892    23.3070866142
   13.3858267717    13.4644962691    13.5431658098    13.6218354369    13.7005051936     13.779175123     13.857845268    13.9365156715    14.0151863762    14.0938574246     14.172528859    14.2512007213    14.3298730534    14.4085458968    14.4872192927     14.565893282    14.6445679051     14.723243202    14.8019192126    14.8805959761    14.9592735312    15.0379519163    15.1166311691    15.1953113269    15.2739924265    15.3526745039    15.4313575948    15.5100417339    15.5887269557    15.6674132937    15.7461007808    15.8247894493    15.9034793307    15.9821704557    16.0608628544     16.139556556    16.2182515888    16.2969479806     16.375645758    16.4543449471    16.5330455728    16.6117476594    16.6904512302    16.7691563075    16.8478629129    16.9265710668    17.0052807889    17.0839920977    17.1627050109    17.2414195452    17.3201357163    17.3988535388    17.4775730263    17.5562941917    17.6350170464    17.7137416011    17.7924678653    17.8711958474    17.9499255551    18.0286569946    18.1073901712    18.1861250894    18.2648617522    18.3436001618    18.4223403192    18.5010822246    18.5798258767    18.6585712735    18.7373184117    18.8160672872    18.8948178945    18.9735702272    19.0523242779    19.1310800382    19.2098374984     19.288596648    19.3673574753    19.4461199678    19.5248841117    19.6036498923     19.682417294    19.7611863001     19.839956893    19.9187290541    19.9975027636    20.0762780012    20.1550547454    20.2338329737    20.3126126629    20.3913937888    20.4701763263    20.5489602495    20.6277455316     20.706532145    20.7853200613    20.8641092512    20.9428996848    21.0216913313    21.1004841591    21.1792781361    21.2580732293    21.3368694051    21.4156666292    21.4944648668    21.5732640822    21.6520642393    21.7308653015    21.8096672314    21.8884699913    21.9672735428    22.0460778472    22.1248828652    22.2036885571    22.2824948828    22.3613018019    22.4401092735    22.5189172563     22.597725709    22.6765345897    22.7553438563    22.8341534666     22.912963378     22.991773548    23.0705839336    23.1493944919    23.2282051798    23.3070159541    23.3858267717
   13.4645669291    13.5432354772    13.6219040691    13.7005727486    13.7792415594    13.8579105452    13.9365797496    14.0152492159    14.0939189875    14.1725891073    14.2512596183    14.3299305631    14.4086019839    14.4872739229    14.5659464218    14.6446195221    14.7232932646    14.8019676902    14.8806428389    14.9593187506    15.0379954646    15.1166730197    15.1953514543     15.274030806     15.352711112    15.4313924091    15.5100747332    15.5887581197    15.6674426034    15.7461282183    15.8248149978    15.9035029745    15.9821921804    16.0608826466    16.1395744036     16.218267481    16.2969619076    16.3756577113    16.4543549193     16.533053558    16.6117536526    16.6904552277    16.7691583069    16.8478629129    16.9265690675    17.0052767914    17.0839861045    17.1626970257    17.2414095729     17.320123763    17.3988396117    17.4775571341     17.556276344    17.6349972542    17.7137198764    17.7924442215     17.871170299    17.9498981176    18.0286276848    18.1073590072    18.1860920901    18.2648269378    18.3435635536    18.4223019397    18.5010420972     18.579784026    18.6585277251    18.7372731923    18.8160204243    18.8947694169    18.9735201646    19.0522726609    19.1310268983    19.2097828682    19.2885405609    19.3672999657    19.4460610707    19.5248238632    19.6035883294    19.6823544543    19.7611222221    19.8398916158    19.9186626176    19.9974352086     20.076209369    20.1549850779    20.2337623136    20.3125410535    20.3913212738    20.4701029501    20.5488860571    20.6276705683    20.7064564567    20.7852436942    20.8640322522    20.9428221009      21.02161321    21.1004055482    21.1791990837    21.2579937838    21.3367896151    21.4155865435    21.4943845344    21.5731835523    21.6519835612    21.7307845245    21.8095864049    21.8883891648    21.9671927658    22.0459971691    22.1248023353    22.2036082248    22.2824147972    22.3612220119     22.440029828     22.518838204    22.5976470981    22.6764564684    22.7552662724    22.8340764675     22.912887011    22.9916978596    23.0705089702    23.1493202994    23.2281318036    23.3069434391    23.3857551622    23.4645669291
   13.5433070866    13.6219747291     13.700642416    13.7793101916    13.8579781002     13.936646186    14.0153144932    14.0939830656     14.172651947    14.2513211812    14.3299908115     14.408660881    14.4873314326    14.5660025089    14.6446741523    14.7233464045    14.8020193072    14.8806929015    14.9593672282    15.0380423275    15.1167182392    15.1953950026    15.2740726566    15.3527512394    15.4314307886    15.5101113413    15.5887929341    15.6674756027    15.7461593824    15.8248443075     15.903530412    15.9822177288    16.0609062904    16.1395961283    16.2182872732    16.2969797553    16.3756736035    16.4543688464    16.5330655113    16.6117636249    16.6904632128       16.7691643    16.8478669104    16.9265710668    17.0052767914    17.0839841052    17.1626930283    17.2414035798    17.3201157778    17.3988296394    17.4775451808     17.556262417     17.634981362    17.7137020288    17.7924244292    17.8711485743    17.9498744738    18.0286021364    18.1073315697    18.1860627803    18.2647957737    18.3435305543    18.4222671254    18.5010054891    18.5797456465    18.6584875977    18.7372313416     18.815976876    18.8947241975    18.9734733018    19.0522241834    19.1309768357    19.2097312512     19.288487421    19.3672453355    19.4460049836    19.5247663536    19.6035294323    19.6822942059    19.7610606592    19.8398287761    19.9185985395    19.9973699314    20.0761429325    20.1549175229    20.2336936814     20.312471386    20.3912506137    20.4700313407    20.5488135421    20.6275971921    20.7063822642    20.7851687309    20.8639565638    20.9427457338    21.0215362109    21.1003279643    21.1791209624    21.2579151729    21.3367105627    21.4155070981    21.4943047444    21.5731034666    21.6519032288    21.7307039946    21.8095057268    21.8883083878    21.9671119393    22.0459163426    22.1247215583    22.2035275466    22.2823342673    22.3611416796    22.4399497423     22.518758414    22.5975676526     22.676377416    22.7551876615    22.8339983462    22.9128094271    22.9916208606    23.0704326032     23.149244611    23.2280568402    23.3068692466     23.385681786    23.4644944141    23.5433070866
   13.6220472441    13.7007140254    13.7793808517    13.8580477677    13.9367148182    14.0153820481     14.094049502    14.1727172242    14.2513852593    14.3300536511    14.4087224438     14.487391681     14.566061406    14.6447316619    14.7234024916    14.8020739374    14.8807460414    14.9594188452    15.0380923901    15.1167667167    15.1954418654     15.274117876    15.3527947877    15.4314726393    15.5101514687    15.5888313136    15.6675122108    15.7461941967    15.8248773068     15.903561576    15.9822470386    16.0609337279    16.1396216767     16.218310917    16.2970014799    16.3756933957     16.454386694    16.5330814035    16.6117775519    16.6904751661    16.7691742723    16.8478748955      16.92657706    17.0052807889    17.0839861045    17.1626930283    17.2414015804    17.3201117803    17.3988236463    17.4775371957    17.5562524447    17.6349694087    17.7136881017     17.792408537    17.8711307267    17.9498546816    18.0285804117    18.1073079259    18.1860372318    18.2647683362    18.3435012446    18.4222359613    18.5009724897    18.5797108322    18.6584509896    18.7371929621    18.8159367486    18.8946823468    18.9734297534    19.0521789639    19.1309299729    19.2096827736    19.2884373584    19.3671937184    19.4459518438    19.5247117234    19.6034733452    19.6822366962    19.7610017621    19.8397685277    19.9185369766    19.9973070917    20.0760788544    20.1548522457    20.2336272449     20.312403831    20.3911819815    20.4699616732     20.548742882    20.6275255827    20.7063097492    20.7850953547    20.8638823714    20.9426707705    21.0214605226    21.1002515973    21.1790439634     21.257837589    21.3366324414    21.4154284872    21.4942256921    21.5730240212    21.6518234389    21.7306239089    21.8094253945    21.8882278579    21.9670312612    22.0458355656    22.1246407319    22.2034467202    22.2822534903    22.3610610015    22.4398692125    22.5186780816     22.597487567     22.676297626     22.755108216    22.8339192939    22.9127308162    22.9915427393    23.0703550193     23.149167612    23.2279804732    23.3067935583    23.3856068227    23.4644202217    23.5432337104    23.6220472441
   13.7007874016    13.7794533666    13.8581193771    13.9367854783    14.0154517156    14.0941181342    14.1727847792    14.2514516957    14.3301189284    14.4087865219    14.4874545207    14.5661229688    14.6447919103    14.7234613886     14.802131447    14.8808021284    14.9594734754    15.0381455299    15.1168183337     15.195491928    15.2741663536    15.3528416506    15.4315178587    15.5101950171    15.5888731642    15.6675523382    15.7462325762    15.8249139149    15.9035963904    15.9822800379     16.060964892    16.1396509865    16.2183383545    16.2970270284    16.3757170395    16.4544084187    16.5331011957    16.6117953995    16.6904910584    16.7691881994    16.8478868489    16.9265870323     17.005288774    17.0839920977    17.1626970257    17.2414035798    17.3201117803    17.3988216469    17.4775331982    17.5562464516    17.6349614235    17.7136781294    17.7923965837    17.8711167996    17.9498387894     18.028562564    18.1072881337    18.1860155072    18.2647446924    18.3434756961    18.4222085238      18.50094318    18.5796796681    18.6584179903    18.7371581478    18.8159001405    18.8946439673     18.973389626    19.0521371132    19.1308864245    19.2096375542    19.2883904956    19.3671452409    19.4459017811    19.5246601063    19.6034202054     19.682182066     19.760945675     19.839711018    19.9184780796    19.9972468432    20.0760172915    20.1547894059    20.2335631669    20.3123385537     20.391115545    20.4698941182    20.5486742497    20.6274559152    20.7062390891    20.7850237453    20.8638098564    20.9425973943    21.0213863301    21.1001766339     21.178968275     21.257761222    21.3365554424    21.4153509033    21.4941475708    21.5729454103    21.6517443865    21.7305444635    21.8093456045    21.8881477723    21.9669509289    22.0457550357    22.1245600537    22.2033659432    22.2821726638     22.360980175    22.4397884355    22.5185974035    22.5974070371    22.6762172937    22.7550281303    22.8338395039    22.9126513707    22.9914636869    23.0702764084    23.1490894907    23.2279028892    23.3067165592    23.3855304556    23.4643445333    23.5431587471    23.6219730516    23.7007874016
   13.7795275591    13.8581927532    13.9368579933     14.015523325    14.0941887942    14.1728544467    14.2515203279    14.3301864833    14.4088529583    14.4875197979    14.5661870469      14.64485475    14.7235229515    14.8021916954    14.8808610255     14.959530985     15.038201617    15.1168729639    15.1955450679    15.2742179706    15.3528917132    15.4315663362    15.5102418799    15.5889183837    15.6675958866    15.7462744269    15.8249540423    15.9036347699     15.982316646    16.0609997063    16.1396839858    16.2183695186    16.2970563381     16.375744477    16.4544339671    16.5331248395    16.6118171242    16.6905108506     16.769206047    16.8479027411    16.9266009593    17.0053007274      17.08400207    17.1627050109    17.2414095729    17.3201157778    17.3988236463    17.4775331982    17.5562444522     17.634957426    17.7136721363    17.7923885986    17.8711068273     17.949826836     18.028548637    18.1072722414    18.1859976595    18.2647249002    18.3434539714      18.42218488    18.5009176315    18.5796522306    18.6583886805    18.7371269837    18.8158671411    18.8946091529    18.9733530179    19.0520987338    19.1308462971    19.2095957035    19.2883469472    19.3671000214    19.4458549183    19.5246116288    19.6033701428     19.682130449    19.7608925351    19.8396563878    19.9184219925    19.9971893336    20.0759583945    20.1547291575     20.233501604     20.312275714     20.391051467     20.469828841    20.5486078133    20.6273883602    20.7061704569    20.7849540778    20.8637391963    20.9425257849    21.0213138151    21.1001032577    21.1788940826    21.2576862586     21.336479754    21.4152745362    21.4940705717    21.5728678264    21.6516662652    21.7304658526    21.8092665521    21.8880683268    21.9668711389    22.0456749501    22.1244797214    22.2032854133    22.2820919857     22.360899398     22.439707609    22.5185165771    22.5973262601    22.6761366156    22.7549476005    22.8337591715     22.912571285    22.9913838969    23.0701969629    23.1490104383    23.2278242784    23.3066384379    23.3854528717    23.4642675342      23.54308238    23.6218973633    23.7007124382    23.7795275591
   13.8582677165    13.9369321857    14.0155967011    14.0942613092    14.1729260561    14.2515909879    14.3302561508    14.4089215905    14.4875873529    14.5662534833    14.6449200272    14.7235870295    14.8022545351    14.8809225884    14.9595912334     15.038260514    15.1169304736     15.195601155    15.2742726008     15.352944853    15.4316179532    15.5102919425    15.5889668612    15.6676427494    15.7463196463    15.8249975907    15.9036766205    15.9823567734    16.0610380858    16.1397205939    16.2184043329    16.2970893374    16.3757756411    16.4544632769     16.533152277    16.6118426727    16.6905344944    16.7692277717    16.8479225333     16.926618807    17.0053166196     17.084015997    17.1627169642    17.2414195452     17.320123763    17.3988296394    17.4775371957    17.5562464516     17.634957426    17.7136701369    17.7923846011    17.8711008342    17.9498188509    18.0285386647    18.1072602881    18.1859837325     18.264709008    18.3434361238    18.4221650878    18.5008959069    18.5796285868    18.6583631321    18.7370995462    18.8158378314    18.8945779889    18.9733200186    19.0520639194     19.130809689     19.209557324    19.2883068199    19.3670581708    19.4458113699    19.5245664093    19.6033232799    19.6820819714    19.7608424725    19.8396047707    19.9183688526    19.9971347034    20.0759023074    20.1546716478    20.2334427069    20.3122154656     20.390989904    20.4697660012    20.5485437352    20.6273230829    20.7061040204    20.7848865228     20.863670564    20.9424561174     21.021243155    21.1000316483    21.1788215676    21.2576128824    21.3364055616    21.4151995729    21.4939948834    21.5727914593    21.6515892662    21.7303882687    21.8091884308    21.8879897159    21.9667920865    22.0455955046    22.1243999314    22.2032053276    22.2820116534    22.3608188681    22.4396269309    22.5184358001    22.5972454336    22.6760557891    22.7548668235    22.8336784934    22.9124907552    22.9913035646    23.0701168772    23.1489306483    23.2277448329    23.3065593855    23.3853742608     23.464189413    23.5430047961    23.6218203642    23.7006360712    23.7794518707    23.8582677165
    13.937007874    14.0156716645    14.0943355016    14.1729994322    14.2516635029    14.3303277602    14.4089922506    14.4876570203    14.5663221155    14.6449875822     14.723653466    14.8023198123    14.8809866664    14.9596540731    15.0383220769     15.116990722     15.195660052    15.2743301104    15.3530009401    15.4316725834    15.5103450823    15.5890184782     15.667692812    15.7463681238    15.8250444535      15.90372184    15.9824003217    16.0610799365    16.1397607213    16.2184427124    16.2971259455    16.3758104555    16.4544962762     16.533183441    16.6118719824    16.6905619319    16.7692533201    16.8479461771    16.9266405316    17.0053364118    17.0840338447    17.1627328564    17.2414334722    17.3201357163    17.3988396117    17.4775451808    17.5562524447    17.6349614235    17.7136721363    17.7923846011    17.8710988348    17.9498148534    18.0285326716     18.107252303    18.1859737602    18.2646970547    18.3434221967    18.4221491956    18.5008780592    18.5796087946    18.6583414074    18.7370759024    18.8158122829    18.8945505513    18.9732907088    19.0520327553    19.1307766897    19.2095225097    19.2882702117    19.3670197913    19.4457712426    19.5245245587    19.6032797315     19.682036752    19.7607956097    19.8395562932      19.91831879    19.9970830863    20.0758491675    20.1546170176    20.2333866198    20.3121579559     20.390931007    20.4697057528    20.5484821723    20.6272602432    20.7060399423    20.7848212455    20.8636041276    20.9423885624    21.0211745228    21.0999619808    21.1787509075     21.257541273    21.3363330466    21.4151261967    21.4939206909    21.5727164959    21.6515135778    21.7303119016    21.8091114318     21.887912132    21.9667139652    22.0455168937     22.124320879    22.2031258822    22.2819318634    22.3607387825    22.4395465985    22.5183552702    22.5971647555    22.6759750121     22.754785997     22.833597667    22.9124099782    22.9912228865    23.0700363474     23.148850316    23.2276647472    23.3064795956    23.3852948153    23.4641103606    23.5429261852    23.6217422429    23.7005584872    23.7793748716    23.8581913495     23.937007874
   14.0157480315      14.09441119    14.1730743956    14.2517376953    14.3304011364    14.4090647655    14.4877286297    14.5663927756    14.6450572496    14.7237220982    14.8023873673    14.8810531028    14.9597193503     15.038386155    15.1170535616    15.1957216149    15.2743903588    15.3530598371    15.4317300931    15.5104011694    15.5890731084    15.6677459518    15.7464197409    15.8250945161    15.9037703175    15.9824471846    16.0611251559    16.1398042696    16.2184845631    16.2971660729    16.3758488349    16.4545328843    16.5332182554    16.6119049817    16.6905930959    16.7692826299    16.8479736146    16.9266660801    17.0053600556    17.0840555693    17.1627526486    17.2414513199    17.3201516085    17.3988535388    17.4775571341     17.556262417    17.6349694087    17.7136781294    17.7923885986    17.8711008342    17.9498148534    18.0285306722    18.1072483055     18.185967767    18.2646890695    18.3434122245    18.4221372422    18.5008641322    18.5795929024    18.6583235597    18.7370561102    18.8157905583    18.8945269076    18.9732651603    19.0520053178    19.1307473799    19.2094913456    19.2882372124    19.3669849769    19.4457346344    19.5244861792    19.6032396042    19.6819949013    19.7607520613    19.8395110737    19.9182719271    19.9970346088    20.0757991049    20.1545654006    20.2333334799    20.3121033257    20.3908749199    20.4696482431    20.5484232752    20.6271999948    20.7059783794    20.7847584058    20.8635400495    20.9423232851    21.0211080863    21.0998944258    21.1786822752    21.2574716055    21.3362623865    21.4150545872    21.4938481759    21.5726431198    21.6514393853    21.7302369383    21.8090357434    21.8878357649    21.9666369662    22.0454393098    22.1242427577    22.2030472713     22.281852811     22.360659337    22.4394668086    22.5182751845    22.5970844232    22.6758944822    22.7547053189      22.83351689    22.9123291517      22.99114206    23.0699555704    23.1487696379    23.2275842173    23.3063992632    23.3852147296    23.4640305706    23.5428467397    23.6216631905    23.7004798764    23.7792967503    23.8581137656     23.936930875    24.0157480315
    14.094488189    14.1731507626    14.2518133837    14.3304760997     14.409138958    14.4878020059    14.5664652906    14.6451288591    14.7237927582    14.8024570348    14.8811217351    14.9597869053    15.0384525914    15.1171188389     15.195785693    15.2744531985       15.3531214    15.4317903415    15.5104600665    15.5891306181    15.6678020389     15.746474371    15.8251476559    15.9038219345    15.9824972472    16.0611736335    16.1398511325    16.2185297825    16.2972096213    16.3758906856    16.4545730117    16.5332566349    16.6119415898    16.6906279103    16.7693156292    16.8480047786    16.9266953898    17.0053874931    17.0840811178    17.1627762924    17.2414730446    17.3201714007    17.3988713864    17.4775730263     17.556276344     17.634981362    17.7136881017    17.7923965837    17.8711068273    17.9498188509    18.0285326716    18.1072483055    18.1859657677     18.264685072    18.3434062313    18.4221292571    18.5008541599     18.579580949    18.6583096327     18.737040218    18.8157727106    18.8945071153    18.9732434357     19.051981674    19.1307218315    19.2094639081    19.2882079026    19.3669538128    19.4457016351    19.5244513648     19.603202996    19.6819565218    19.7607119339    19.8394692231    19.9182283787    19.9969893893     20.075752242     20.154516923    20.2332834173    20.3120517087      20.39082178    20.4695936129    20.5483671881    20.6271424851    20.7059194824    20.7846981574    20.8634784866    20.9422604454    21.0210440082    21.0998291485    21.1786158388    21.2574040505    21.3361937542    21.4149849198    21.4937775158    21.5725715103    21.6513668703    21.7301635621    21.8089615509    21.8877608016    21.9665612778    22.0453629427    22.1241657587    22.2029696874    22.2817746897    22.3605807261    22.4393877562     22.518195739    22.5970046332    22.6758143966    22.7546249865    22.8334363601    22.9122484736     22.991061283    23.0698747439    23.1486888114    23.2275034403    23.3063185851    23.3851341998    23.4639502382    23.5427666541    23.6215834006    23.7004004309     23.779217698    23.8580351547    23.9368527537    24.0156704476     24.094488189
   14.1732283465    14.2518903827    14.3305524667    14.4092146463    14.4878769692     14.566539483    14.6452022352    14.7238652732    14.8025286442    14.8811923951    14.9598565728    15.0385212236    15.1171863938    15.1958521294    15.2745184757    15.3531854781    15.4318531812    15.5105216293    15.5891908665     15.667860936    15.7465318807     15.825203743    15.9038765647     15.982550387    16.0612252505    16.1399011951    16.2185782601    16.2972564841     16.375935905      16.45461656    16.5332984856    16.6119817172    16.6906662898    16.7693522373     16.848039593    16.9267283891    17.0054186571    17.0841104275    17.1628037299     17.241498593    17.3201950445    17.3988931111    17.4775928186    17.5562941917    17.6349972542    17.7137020288     17.792408537    17.8711167996     17.949826836    18.0285386647     18.107252303     18.185967767     18.264685072    18.3434042319    18.4221252596    18.5008481667    18.5795729639    18.6582996604    18.7370282646    18.8157587836    18.8944912231     18.973225588    19.0519618818    19.1307001068    19.2094402643    19.2881823542    19.3669263753    19.4456723253    19.5244202007    19.6031699967    19.6819217074    19.7606753258    19.8394308436    19.9181882514    19.9969475386    20.0757086937    20.1544717036    20.2332365544    20.3120032311    20.3907717174    20.4695419959    20.5483140482    20.6270878549    20.7058633953    20.7846406477    20.8634195895     20.942200197    21.0209824453    21.0997663088    21.1785517607    21.2573387732    21.3361273178    21.4149173647    21.4937088836    21.5725018428    21.6512962102    21.7300919526    21.8088890359    21.8876874254    21.9664870853    22.0452879794    22.1240900703    22.2028933203    22.2816976907    22.3605031422    22.4393096349    22.5181171282    22.5969255808    22.6757349511    22.7545451966    22.8333562744    22.9121681412    22.9909807531    23.0697940658    23.1486080344    23.2274226139    23.3062377586    23.3850534228    23.4638695601    23.5426861242    23.6215030682    23.7003203452     23.779137908    23.8579557092    23.9367737013    24.0155918367    24.0944100677    24.1732283465
   14.2519685039    14.3306300506    14.4092916453    14.4879533362    14.5666151713    14.6452771985    14.7239394656    14.8026020203    14.8812649101    14.9599281822    15.0385918837    15.1172560613    15.1959207616    15.2745860307    15.3532519145    15.4319184584    15.5105857074    15.5892537062    15.6679224988    15.7465921291    15.8252626401    15.9039340744    15.9826064741    16.0612798807    16.1399543349    16.2186298771    16.2973065467    16.3759843826    16.4546634229     16.533343705    16.6120252656    16.6907081404    16.7693923647    16.8480779725    16.9267649973    17.0054534715    17.0841434268     17.162834894    17.2415279028     17.320222482    17.3989186595    17.4776164624    17.5563159163    17.6350170464    17.7137198764    17.7924244292    17.8711307267    17.9498387894     18.028548637    18.1072602881    18.1859737602    18.2646890695    18.3434062313    18.4221252596    18.5008461674    18.5795689664    18.6582936673    18.7370202795    18.8157488113    18.8944792698     18.973211661    19.0519459896    19.1306822591    19.2094204721    19.2881606295    19.3669027315    19.4456467769    19.5243927632     19.603140687    19.6818905434    19.7606423265    19.8393960292    19.9181516432    19.9969091592    20.0756685663    20.1544298529    20.2331930061    20.3119580117    20.3907248545    20.4694935183    20.5482639856    20.6270362379    20.7058102554    20.7845860175    20.8633635024    20.9421426873    21.0209235483    21.0997060604    21.1784901978    21.2572759335    21.3360632397    21.4148520875    21.4936424471    21.5724342878     21.651227578    21.7300222851    21.8088183759    21.8876158159    21.9664145703    22.0452146032    22.1240158778    22.2028183569    22.2816220023    22.3604267751    22.4392326358    22.5180395442    22.5968474595    22.6756563402    22.7544661442    22.8332768289    22.9120883512    22.9909006675    23.0697137334    23.1485275045    23.2273419358    23.3061569816    23.3849725963    23.4637887337    23.5426053472    23.6214223901    23.7002398153    23.7790575756    23.8578756235    23.9366939113    24.0155123912    24.0943310153    24.1731497356    24.2519685039
   14.3307086614    14.4093697666    14.4880309201    14.5666921703    14.6453535655     14.724015154    14.8026769836    14.8813391025    14.9600015583    15.0386643986    15.1173276707    15.1959914216    15.2746556982    15.3533205467    15.4319860134    15.5106521438    15.5893189834    15.6679865769    15.7466549688    15.8253242029    15.9039943228    15.9826653711    16.0613373903     16.140010422    16.2186845073    16.2973596865    16.3760359996    16.4547134855    16.5333921825    16.6120721284    16.6907533599     16.769435913    16.8481198231    16.9268051246     17.005491851     17.084180035    17.1628697084    17.2415609021     17.320253646    17.3989479693    17.4776438999    17.5563414648    17.6350406902    17.7137416011    17.7924442215    17.8711485743    17.9498546816     18.028562564    18.1072722414    18.1859837325    18.2646970547    18.3434122245    18.4221292571    18.5008481667    18.5795689664    18.6582916679     18.737016282    18.8157428181    18.8944712846    18.9732016887    19.0519340363    19.1306683321    19.2094045798    19.2881427818    19.3668829393    19.4456250522    19.5243691194    19.6031151385    19.6818631058    19.7606130167    19.8393648651    19.9181186439    19.9968743448    20.0756319582    20.1543914734    20.2331528787     20.311916161    20.3906813061    20.4694482989    20.5482171228    20.6269877603    20.7057601928    20.7845344005    20.8633103625    20.9420880571    21.0208674611    21.0996485507    21.1784313007    21.2572156851    21.3360016768    21.4147892478     21.493578369    21.5723690106    21.6511611415    21.7299547301    21.8087497436    21.8875461485    21.9663439102    22.0451429937    22.1239433628    22.2027449807    22.2815478098    22.3603518118    22.4391569475    22.5179631772    22.5967704605    22.6755787563    22.7543880229     22.833198218    22.9120092989     22.990821222    23.0696339434    23.1484474189    23.2272616034    23.3060764517    23.3848919182    23.4637079567    23.5425245207    23.6213415636    23.7001590383    23.7789768975    23.8577950936     23.936613579    24.0154323055    24.0942512253    24.1730702901    24.2518894516    24.3307086614
   14.4094488189    14.4881095309    14.5667702916    14.6454311494     14.724092153    14.8027533507    14.8814147908    14.9600765216    15.0387385911    15.1174010469    15.1960639366    15.2747273076    15.3533912068    15.4320556808     15.510720776    15.5893865384    15.6680530133     15.746720246     15.825388281    15.9040571625     15.982726934    16.0613976387     16.140069319    16.2187420169    16.2974157736    16.3760906298    16.4547666253    16.5334437996     16.612122191    16.6908018374    16.7694827759    16.8481650426     16.926848673    17.0055337016    17.0842201623    17.1629080879    17.2415975102    17.3202884604    17.3989809686    17.4776750639    17.5563707746    17.6350681277    17.7137671495    17.7924678653     17.871170299    17.9498744738    18.0285804117    18.1072881337    18.1859976595     18.264709008    18.3434221967    18.4221372422    18.5008541599    18.5795729639    18.6582936673     18.737016282    18.8157408188    18.8944672872    18.9731956955    19.0519260511    19.1306583598    19.2093926265    19.2881288548    19.3668670471    19.4456072045    19.5243493272    19.6030934138     19.681839462    19.7605874682    19.8393374276    19.9180893342    19.9968431807    20.0755989588     20.154356659    20.2331162706    20.3118777815    20.3906411788    20.4694064482    20.5481735744    20.6269425408    20.7057133299    20.7844859229    20.8632602999      20.94203644    21.0208143213    21.0995939205    21.1783752136    21.2571581754    21.3359427797    21.4147289993    21.4935168061    21.5723061708    21.6510970634    21.7298894529    21.8086833071    21.8874785934     21.966275278    22.0450733262    22.1238727028    22.2026733713    22.2814752948    22.3602784356     22.439082755    22.5178882138    22.5966947721    22.6755023892    22.7543110238    22.8331206341    22.9119311776    22.9907426111    23.0695548911    23.1483679734    23.2271818134    23.3059963661    23.3848115858    23.4636274268    23.5424438426    23.6212607866    23.7000782119    23.7788960711    23.8577143166    23.9365329008    24.0153517757     24.094170893    24.1729902044    24.2518096616    24.3306292159    24.4094488189
   14.4881889764    14.5668493439    14.6455097603    14.7241702742    14.8028309345    14.8814917899    14.9601528887    15.0388142794    15.1174760102     15.196138129    15.2748006837    15.3534637217    15.4321272902    15.5107914361    15.5894562058    15.6681216455     15.746787801    15.8254547174    15.9041224397    15.9827910121    16.0614604784    16.1401308819    16.2188022653    16.2974746707    16.3761481394    16.4548227124    16.5334984297    16.6121753308    16.6908534544    16.7695328385    16.8482135201    16.9268955358    17.0055789211    17.0842637107    17.1629499385    17.2416376376    17.3203268399    17.3990175767    17.4777098783    17.5564037739    17.6350992918    17.7137964593    17.7924953028    17.8711958474    17.9498981176    18.0286021364    18.1073079259    18.1860155072    18.2647249002    18.3434361238    18.4221491956    18.5008641322     18.579580949    18.6582996604    18.7370202795    18.8157428181    18.8944672872    18.9731936962    19.0519220536    19.1306523667    19.2093846414    19.2881188825    19.3668550938    19.4455932775     19.524333435    19.6030755662    19.6818196698    19.7605657436    19.8393137838    19.9180637857    19.9968157432    20.0755696491     20.154325495    20.2330832712    20.3118429671    20.3906045707    20.4693680687     20.548133447    20.6269006902    20.7056697815    20.7844407034    20.8632134371    20.9419879625    21.0207642586    21.0995423034    21.1783220737    21.2571035452    21.3358866926    21.4146714896     21.493457909    21.5722459224    21.6510355005    21.7298266131     21.808619229    21.8874133162    21.9662088415    22.0450057712    22.1238040705    22.2026037038    22.2814046347    22.3602068261      22.43901024    22.5178148376    22.5966205796    22.6754274258    22.7542353355     22.833044267    22.9118541785    22.9906650272    23.0694767698    23.1482893625     23.227102761    23.3059169206    23.3847317958    23.4635473411    23.5423635102    23.6211802567    23.6999975337     23.778815294    23.8576334902    23.9364520744    24.0152709987    24.0940902148    24.1729096745    24.2517293292    24.3305491303    24.4093690289    24.4881889764
   14.5669291339    14.6455892057    14.7242493266    14.8029095454    14.8815699111    14.9602304725    15.0388912784    15.1175523772    15.1962138174    15.2748756471    15.3535379142    15.4322006664    15.5108639511    15.5895278152    15.6681923056    15.7468574684    15.8255233496    15.9041899947    15.9828574485    16.0615257556      16.14019496     16.218865105    16.2975362335    16.3762083878    16.4548816095    16.5335559394    16.6122314179    16.6909080846    16.7695859783    16.8482651371    16.9269455984    17.0056273986    17.0843105735     17.162995158    17.2416811859    17.3203686906    17.3990577041    17.4777482578     17.556440382    17.6351341061    17.7138294586    17.7925264668    17.8712251572    17.9499255551    18.0286276848    18.1073315697    18.1860372318    18.2647446924    18.3434539714    18.4221650878    18.5008780592    18.5795929024    18.6583096327    18.7370282646    18.8157488113    18.8944712846    18.9731956955    19.0519220536    19.1306503673    19.2093806439    19.2881128894    19.3668471086    19.4455833052    19.5243214817    19.6030616391    19.6818037776    19.7605478959    19.8392939916     19.918042061    19.9967920994    20.0755441006    20.1542980575    20.2330539615     20.311811803    20.3905715713    20.4693332543    20.5480968389    20.6268623107    20.7056296542    20.7843988528    20.8631698887     20.941942743    21.0207173958    21.0994938259    21.1782720111    21.2570519281    21.3358335527    21.4146168594    21.4934018219    21.5721884127    21.6509766034    21.7297663647    21.8085576661    21.8873504765    21.9661447634     22.044940494     22.123737634    22.2025361488    22.2813360025    22.3601371586    22.4389395799    22.5177432282    22.5965480646    22.6753540496     22.754161143    22.8329693037    22.9117784901    22.9905886601    23.0693997707    23.1482117786    23.2270246397    23.3058383097    23.3846527435    23.4634678956    23.5422837203    23.6211001711    23.6999172014    23.7787347642    23.8575528121    23.9363712974    24.0151901722    24.0940093884    24.1728288975    24.2516486511    24.3304686004    24.4092886966    24.4881088907    24.5669291339
   14.6456692913    14.7243291165    14.8029889908    14.8816489634    14.9603090834    15.0389693996    15.1176299611    15.1962908164    15.2749520141    15.3536136025    15.4322756297    15.5109381435    15.5896011914    15.6682648206    15.7469290779    15.8255940097    15.9042596621    15.9829260807    16.0615933106    16.1402613964    16.2189303822    16.2976003116    16.3762712275    16.4549431723    16.5336161878     16.612290315    16.6909655943    16.7696420654    16.8483197673    16.9269987383    17.0056790157    17.0843606361    17.1630436355    17.2417280488      17.32041391    17.3991012525    17.4777901084    17.5564805093    17.6351724856    17.7138660667    17.7925612812    17.8712581565    17.9499567191    18.0286569946    18.1073590072    18.1860627803    18.2647683362    18.3434756961      18.42218488    18.5008959069    18.5796087946    18.6583235597     18.737040218    18.8157587836    18.8944792698    18.9732016887    19.0519260511    19.1306523667    19.2093806439      19.28811089    19.3668431111    19.4455773121    19.5243134965    19.6030516668    19.6817918243    19.7605339689    19.8392780994    19.9180242134    19.9967723072     20.075522376    20.1542744137     20.233028413    20.3117843655    20.3905422616    20.4693020903    20.5480638396    20.6268274963     20.705593046    20.7843604733    20.8631297613    20.9419008923    21.0206738474    21.0994486064    21.1782251482    21.2570034506    21.3357834901    21.4145652424     21.493348682    21.5721337825    21.6509205163     21.729708855    21.8084987691     21.887290228    21.9660832005    22.0448776542    22.1236735559    22.2024708715     22.281269566    22.3600696036    22.4388709476    22.5176735607    22.5964774045    22.6752824402     22.754088628    22.8328959275    22.9117042977    22.9905136967    23.0693240823    23.1481354115    23.2269476407    23.3057607258    23.3845746222    23.4633892847    23.5422046679    23.6210207256    23.6998374114    23.7786546785    23.8574724797    23.9362907675    24.0151094941    24.0939286114    24.1727480711    24.2515678246    24.3303878234    24.4092080184    24.4880283608    24.5668488015    24.6456692913
   14.7244094488    14.8030690765    14.8817287534    14.9603885288     15.039048452    15.1177085719    15.1963689376     15.275029598    15.3536906015    15.4323519967    15.5110138318    15.5896761547     15.668339013     15.747002454    15.8256665247    15.9043312715    15.9829967408    16.0616629781    16.1403300286    16.2189979372     16.297666748    16.3763365047    16.4550072504    16.5336790275    16.6123518779    16.6910258427    16.7697009625     16.848377277    16.9270548254    17.0057336458     17.084413776    17.1630952525    17.2417781114    17.3204623875    17.3991481153    17.4778353279    17.5565240577    17.6352143363    17.7139061941    17.7925996607    17.8712947646    17.9499915335    18.0286899939    18.1073901712    18.1860920901    18.2647957737    18.3435012446    18.4222085238    18.5009176315    18.5796285868    18.6583414074    18.7370561102    18.8157727106    18.8944912231     18.973211661    19.0519340363    19.1306583598    19.2093846414    19.2881128894    19.3668431111    19.4455753127     19.524309499    19.6030456737    19.6817838391    19.7605239966    19.8392661461    19.9180102863     19.996756415    20.0755045283    20.1542546214    20.2330066884    20.3117607217    20.3905167131    20.4692746527    20.5480345298    20.6267963322    20.7055600467    20.7843256589    20.8630931532    20.9418625129      21.02063372    21.0994067557    21.1781815998    21.2569582311    21.3357366272    21.4145167648    21.4932986194    21.5720821655    21.6508673764    21.7296542248    21.8084426819    21.8872327183    21.9660243034    22.0448174058     22.123611993    22.2024080318    22.2812054879    22.3600043263    22.4388045112    22.5176060056    22.5964087723    22.6752127727    22.7540179679     22.832824318    22.9116317826    22.9904403205    23.0692498899    23.1480604481    23.2268719523    23.3056843587    23.3844976231    23.4633117008    23.5421265466    23.6209421147     23.699758359     23.778575233    23.8573926897    23.9362106818    24.0150291617    24.0938480815    24.1726673929    24.2514870476    24.3303069969     24.409127192    24.4879475838    24.5667681234    24.6455887615    24.7244094488
   14.8031496063    14.8818090857    14.9604686145    15.0391282419    15.1177880174      15.19644799    15.2751082088    15.3537687228    15.4324295806    15.5110908308    15.5897525217    15.6684147013    15.7470774173    15.8257407171    15.9044046477    15.9830692557    16.0617345875    16.1404006887    16.2190676047    16.2977353803    16.3764040597    16.4550736868    16.5337443047    16.6124159559    16.6910886824    16.7697625253    16.8484375254    16.9271137224    17.0057911555    17.0844698631    17.1631498827    17.2418312512    17.3205140046    17.3991981779    17.4778838054    17.5565709206    17.6352595557    17.7139497425    17.7926415113     17.871334892     17.950029913     18.028726602    18.1074249856    18.1861250894    18.2648269378    18.3435305543    18.4222359613      18.50094318    18.5796522306    18.6583631321    18.7370759024    18.8157905583    18.8945071153     18.973225588    19.0519459896    19.1306683321    19.2093926265    19.2881188825    19.3668471086    19.4455773121     19.524309499    19.6030436743    19.6817798417    19.7605180034    19.8392581609     19.918000314    19.9967444616    20.0754906013    20.1542387292    20.2329888407    20.3117409295    20.3904949884    20.4692510089    20.5480089813    20.6267688947    20.7055307369    20.7842944948    20.8630601538    20.9418276985    21.0205971119    21.0993683762    21.1781414725    21.2569163804    21.3356930788    21.4144715454    21.4932517565    21.5720336879    21.6508173138    21.7296026078    21.8083895421    21.8871780881    21.9659682163    22.0447598961    22.1235530959    22.2023477834     22.281143925    22.3599414866    22.4387404331    22.5175407284    22.5963423358    22.6751452177    22.7539493356    22.8327546505    22.9115611226    22.9903687111    23.0691773748    23.1479870719    23.2267977598    23.3056093953    23.3844219347    23.4632353337    23.5420495475    23.6208645308    23.6996802377    23.7784966221    23.8573136373    23.9361312363    24.0149493717    24.0937679958    24.1725870606    24.2514065178    24.3302263188     24.409046415    24.4878667574    24.5666872969    24.6455079845    24.7243287707    24.8031496063
   14.8818897638    14.9605491443    15.0392085742     15.117868103    15.1965277799    15.2751876542    15.3538477751    15.4325081914    15.5111689521    15.5898301056    15.6684917003    15.7471537844    15.8258164054     15.904479611    15.9831434482    16.0618079636    16.1404732037    16.2191392141    16.2978060403    16.3764737272     16.455142319    16.5338118597    16.6124823923    16.6911539596    16.7698266034    16.8485003651    16.9271752853    17.0058514039    17.0845287601    17.1632073924    17.2418873383    17.3205686348    17.3992513177    17.4779354224    17.5566209832    17.6353080333    17.7139966053    17.7926867308    17.8713784404    17.9500717637    18.0287667294    18.1074633651    18.1861616975    18.2648617522    18.3435635536    18.4222671254    18.5009724897    18.5796796681    18.6583886805    18.7370995462    18.8158122829    18.8945269076    18.9732434357    19.0519618818    19.1306822591    19.2094045798    19.2881288548    19.3668550938    19.4455833052    19.5243134965    19.6030456737    19.6817798417    19.7605160041    19.8392541634    19.9179943209    19.9967364765     20.075480629    20.1542267759    20.2329749136    20.3117250373    20.3904771408    20.4692312167    20.5479872567    20.6267452509    20.7055051885    20.7842670573    20.8630308441    20.9417965344    21.0205641126    21.0993335619    21.1781048643    21.2568780009    21.3356529515    21.4144296947    21.4932082082    21.5719884684     21.650770451    21.7295541302    21.8083394794    21.8871264711    21.9659150764    22.0447052659    22.1234970088    22.2022902737    22.2810850279    22.3598812382    22.4386788702    22.5174778887    22.5962782577    22.6750799404    22.7538828992    22.8326870955    22.9114924903    22.9902990436    23.0691067147    23.1479154625    23.2267252448    23.3055360191    23.3843477423    23.4631603704    23.5419738591    23.6207881637    23.6996032387    23.7784190382     23.857235516    23.9360526254    24.0148703194    24.0936885503    24.1725072706    24.2513264321    24.3301459864    24.4089658851    24.4877860792    24.5666065199     24.645427158    24.7242479442    24.8030688293    24.8818897638
   14.9606299213    15.0392892523    15.1179486328    15.1966081122    15.2752677399     15.353927565    15.4325876369    15.5112480044    15.5899087164    15.6685698216    15.7472313682    15.8258934044     15.904555978    15.9832191365    16.0618829269    16.1405473961    16.2192125902    16.2978785553    16.3765453366    16.4552129791    16.5338815272    16.6125510246    16.6912215146    16.7698930398    16.8485656423    16.9272393633    17.0059142436     17.084590323    17.1632676408    17.2419462354    17.3206261444    17.3993074048    17.4779900526     17.556674123    17.6353596503    17.7140466679    17.7927352083    17.8714253032    17.9501169831    18.0288102777    18.1075052158    18.1862018249    18.2649001316    18.3436001618    18.4223019397    18.5010054891    18.5797108322    18.6584179903    18.7371269837    18.8158378314    18.8945505513    18.9732651603     19.051981674    19.1307001068    19.2094204721    19.2881427818    19.3668670471    19.4455932775    19.5243214817    19.6030516668    19.6817838391    19.7605180034    19.8392541634    19.9179923215     19.996732479    20.0754746358    20.1542187907    20.2329649414     20.311713084    20.3904632137    20.4692153245     20.547969409    20.6267254587    20.7054834638    20.7842434135    20.8630052956    20.9417690969    21.0205348028    21.0993023978     21.178071865    21.2568431865    21.3356163433    21.4143913152    21.4931680808    21.5719466177    21.6507269026    21.7295089107    21.8082926166    21.8870779935    21.9658650138    22.0446536489    22.1234438689    22.2022356435    22.2810289408    22.3598237285    22.4386199731    22.5174176402    22.5962166948    22.6750171007    22.7538188211    22.8326218183    22.9114260538    22.9902314885    23.0690380825     23.147845795    23.2266545847    23.3054644097    23.3842752272    23.4630869942    23.5418996667    23.6207132003    23.6995275503    23.7783426711     23.857158517    23.9359750415    24.0147921981    24.0936099394    24.1724282182    24.2512469866    24.3300661964    24.4088857994    24.4877057469      24.56652599    24.6453464799    24.7241671672    24.8029880028    24.8818089373    24.9606299213
   15.0393700787    15.1180294098    15.1966887903    15.2753482697    15.3540078974    15.4326677225    15.5113277944    15.5899881619    15.6686488739    15.7473099791    15.8259715257    15.9046335619    15.9832961355     16.061959294    16.1406230844    16.2192875536    16.2979527477    16.3766187128    16.4552854941    16.5339531366    16.6126216846     16.691291182    16.7699616721    16.8486331973    16.9273057998    17.0059795208    17.0846544011    17.1633304805    17.2420077982    17.3206863928    17.3993663019    17.4780475623    17.5567302101    17.6354142805    17.7140998078    17.7927868254    17.8714753658    17.9501654607    18.0288571406    18.1075504352    18.1862453732    18.2649419823    18.3436402891    18.4223403192    18.5010420972    18.5797456465    18.6584509896    18.7371581478    18.8158671411    18.8945779889    18.9732907088    19.0520053178    19.1307218315    19.2094402643    19.2881606295    19.3668829393    19.4456072045     19.524333435    19.6030616391    19.6817918243    19.7605239966    19.8392581609    19.9179943209     19.996732479    20.0754726365    20.1542147933    20.2329589482    20.3117050988    20.3904532414    20.4692033712     20.547955482    20.6267095665    20.7054656161    20.7842236213     20.862983571    20.9417454531    21.0205092543    21.0992749603    21.1780425552    21.2568120225     21.335583344    21.4143565008    21.4931314726    21.5719082383    21.6506867752      21.72946706    21.8082490682     21.887032774     21.965818151    22.0446051713    22.1233938063    22.2021840264    22.2809758009    22.3597690983     22.438563886    22.5173601305    22.5961577977    22.6749568522    22.7537572581    22.8325589785    22.9113619757    22.9901662113     23.068971646      23.14777824    23.2265859525    23.3053947422    23.3842045672    23.4630153847    23.5418271517    23.6206398241    23.6994533578    23.7782677078    23.8570828286    23.9358986744     24.014715199    24.0935323555    24.1723500969    24.2511683757    24.3299871441    24.4088063539    24.4876259569    24.5664459044    24.6452661475    24.7240866373    24.8029073247    24.8817281603    24.9605490948    25.0393700787
   15.1181102362    15.1967696167    15.2754290467    15.3540885754    15.4327482524    15.5114081267    15.5900682475    15.6687286639    15.7473894245     15.826050578    15.9047121728    15.9833742568    16.0620368779    16.1407000834    16.2193639206     16.298028436    16.3766936761    16.4553596865    16.5340265127    16.6126941996    16.6913627915    16.7700323321    16.8487028648     16.927374432    17.0060470758    17.0847208375    17.1633957577    17.2420718763    17.3207492325    17.3994278648    17.4781078107    17.5567891072    17.6354717901    17.7141558948    17.7928414555    17.8715285057    17.9502170777    18.0289072032    18.1075989128    18.1862922361    18.2649872018    18.3436838375    18.4223821699    18.5010822246     18.579784026    18.6584875977    18.7371929621    18.8159001405    18.8946091529    18.9733200186    19.0520327553    19.1307473799    19.2094639081    19.2881823542    19.3669027315    19.4456250522    19.5243493272    19.6030755662    19.6818037776    19.7605339689    19.8392661461     19.918000314    19.9967364765    20.0754746358    20.1542147933    20.2329569488    20.3117011013    20.3904472483     20.469195386    20.5479455097    20.6266976131    20.7054516891    20.7842077291    20.8629657233    20.9417256609    21.0204875297    21.0992513165    21.1780170068     21.256784585    21.3355540342    21.4143253367    21.4930984733    21.5718734239    21.6506501671    21.7294286805    21.8082089408    21.8869909234    21.9657746026    22.0445599518    22.1233469435    22.2021355488    22.2809257383    22.3597174812    22.4385107461    22.5173055003    22.5961017106    22.6748993426    22.7536983611    22.8324987301    22.9113004128    22.9901033716    23.0689075679    23.1477129627     23.226519516    23.3053271872    23.3841359349    23.4629457172    23.5417564916    23.6205682147    23.6993808428    23.7781943316    23.8570086361    23.9358237111    24.0146395106    24.0934559884    24.1722730979    24.2510907918    24.3299090228     24.408727743    24.4875469045    24.5663664589    24.6451863575    24.7240065517    24.8028269924    24.8816476304    24.9604684167    25.0392893017    25.1181102362
   15.1968503937    15.2755098731    15.3541694019    15.4328290293    15.5114888048    15.5901487774    15.6688089962    15.7474695101     15.826130368    15.9047916182    15.9834533091    16.0621154887    16.1407782047    16.2194415045    16.2981054351    16.3767700431    16.4554353748     16.534101476     16.612768392    16.6914361676    16.7701048471    16.8487744742    16.9274450921    17.0061167433    17.0847894697    17.1634633127    17.2421383127    17.3208145097    17.3994919428    17.4781706504      17.55685067    17.6355320385    17.7142147919    17.7928989652    17.8715845927    17.9502717079     18.028960343    18.1076505298    18.1863422987    18.2650356793    18.3437307003    18.4224273893    18.5011257729    18.5798258767    18.6585277251    18.7372313416    18.8159367486    18.8946439673    18.9733530179    19.0520639194    19.1307766897    19.2094913456    19.2882079026    19.3669263753    19.4456467769    19.5243691194    19.6030934138    19.6818196698    19.7605478959    19.8392780994    19.9180102863    19.9967444616     20.075480629    20.1542187907    20.2329589482    20.3117011013    20.3904452489    20.4691913886    20.5479395165     20.626689628    20.7054417168    20.7841957757    20.8629517962    20.9417097686     21.020469682    21.0992315242    21.1779952821    21.2567609412    21.3355284858    21.4142978992    21.4930691636    21.5718422598    21.6506171677    21.7293938662    21.8081723327    21.8869525439    21.9657344752    22.0445181011    22.1233033951    22.2020903294    22.2808788754    22.3596690037    22.4384606834    22.5172538833    22.5960485707    22.6748447123    22.7536422739    22.8324412204    22.9112415157    22.9900431231     23.068846005     23.147650123    23.2264554379    23.3052619099    23.3840694984    23.4628781622    23.5416878593    23.6204985472    23.6993101827    23.7781227221    23.8569361211    23.9357503349    24.0145653181    24.0933810251    24.1721974095    24.2510144247    24.3298320237    24.4086501591    24.4874687832     24.566287848    24.6451073051    24.7239271062    24.8027472024    24.8815675448    24.9603880843    25.0392087719    25.1180295581    25.1968503937
   15.2755905512    15.3542501788    15.4329098557    15.5115696312    15.5902295543    15.6688896743      15.74755004    15.8262107003    15.9048717038    15.9835330991    16.0621949341     16.140857257    16.2195201153    16.2981835563     16.376847627    16.4555123739    16.5341778431    16.6128440804    16.6915111309    16.7701790395    16.8488478503     16.927517607    17.0061883527    17.0848601298    17.1635329801     17.242206945    17.3208820647    17.3995583793    17.4782359276    17.5569147481    17.6355948782    17.7142763548    17.7929592136    17.8716434898    17.9503292175    18.0290164301      18.10770516    18.1863954385    18.2650872963    18.3437807629    18.4224758669    18.5011726358    18.5798710961    18.6585712735    18.7372731923     18.815976876    18.8946823468     18.973389626    19.0520987338     19.130809689    19.2095225097    19.2882372124    19.3669538128    19.4456723253    19.5243927632    19.6031151385     19.681839462    19.7605657436    19.8392939916    19.9180242134     19.996756415    20.0754906013    20.1542267759    20.2329649414    20.3117050988    20.3904472483    20.4691913886    20.5479375172    20.6266856305    20.7054357237    20.7841877906     20.862941824    20.9416978153     21.020455755     21.099215632    21.1779774344    21.2567411489    21.3355067611    21.4142742554    21.4930436151    21.5718148223     21.650587858    21.7293627021    21.8081393333    21.8869177295    21.9656978671    22.0444797216    22.1232632677    22.2020484787     22.280835327    22.3596237842    22.4384138206    22.5172054057    22.5959985081    22.6747930953    22.7535891341    22.8323865902    22.9111854286    22.9899856134    23.0687871079    23.1475898745     23.226393875    23.3051990702    23.3840054203    23.4628128849    23.5416214228    23.6204309921    23.6992415504    23.7780530546     23.856865461    23.9356787254    24.0144928031    24.0933076489     24.172123217    24.2509394613    24.3297563353     24.408573792    24.4873917842    24.5662102641    24.6450291838    24.7238484953      24.80266815    24.8814880993    24.9603082943    25.0391286862    25.1179492257    25.1967698638    25.2755905512
   15.3543307087    15.4329905338    15.5116504081    15.5903103807    15.6689705007    15.7476308169    15.8262913784    15.9049522337    15.9836134314    16.0622750198     16.140937047    16.2195995608    16.2982626087    16.3769262378    16.4555904951     16.534255427    16.6129210794     16.691587498    16.7702547279    16.8489228137    16.9275917995    17.0062617288    17.0849326447    17.1636045896     17.242277605    17.3209517322    17.3996270115    17.4783034826    17.5569811845    17.6356601555    17.7143404329    17.7930220533    17.8717050527    17.9503894659    18.0290753272    18.1077626696    18.1864515256    18.2651419265    18.3438339028    18.4225274839    18.5012226984    18.5799195737    18.6586181363    18.7373184117    18.8160204243    18.8947241975    18.9734297534    19.0521371132    19.1308462971     19.209557324    19.2882702117    19.3669849769    19.4457016351    19.5244202007     19.603140687    19.6818631058    19.7605874682    19.8393137838     19.918042061    19.9967723072    20.0755045283    20.1542387292    20.2329749136     20.311713084    20.3904532414     20.469195386    20.5479395165    20.6266856305    20.7054337243    20.7841837931    20.8629358308    20.9416898302    21.0204457827    21.0992036787    21.1779635074    21.2567252567    21.3354889134    21.4142544632    21.4930218904    21.5717911785    21.6505623095    21.7293352646    21.8081100236    21.8868865654    21.9656648677    22.0444449073    22.1232266596    22.2020100992    22.2807951997    22.3595819335    22.4383702722    22.5171601862    22.5959516452    22.6747446177    22.7535390714    22.8323349731    22.9111322887    22.9899309832    23.0687310208    23.1475323648    23.2263349779    23.3051388217    23.3839438574    23.4627500452    23.5415573447    23.6203657149     23.699175114    23.7779854996    23.8567968287    23.9356090579     24.014422143    24.0932360394     24.172050702    24.2508660851    24.3296821428    24.4084988287    24.4873160958     24.566133897    24.6449521848    24.7237709114    24.8025900287    24.8814094884    24.9602292419    25.0390492407    25.1178694357    25.1966897781    25.2755102188    25.3543307087
   15.4330708661     15.511730938    15.5903910588    15.6690512777    15.7477116434    15.8263722048    15.9050330106    15.9836941095    16.0623555496    16.1410173793    16.2196796464    16.2983423986    16.3770056833    16.4556695474    16.5343340378    16.6129992006    16.6916650818    16.7703317269    16.8489991807    16.9276674878    17.0063366922    17.0850068372    17.1636779657      17.24235012    17.3210233416    17.3996976716    17.4783731501    17.5570498168    17.6357277105    17.7144068693    17.7930873305    17.8717691308    17.9504523056    18.0291368901     18.107822918    18.1865104227    18.2651994362    18.3438899899    18.4225821141    18.5012758382    18.5799711907    18.6586681989    18.7373668893    18.8160672872    18.8947694169    18.9734733018    19.0521789639    19.1308864245    19.2095957035    19.2883068199    19.3670197913    19.4457346344    19.5244513648    19.6031699967    19.6818905434    19.7606130167    19.8393374276    19.9180637857    19.9967920994     20.075522376    20.1542546214    20.2329888407    20.3117250373    20.3904632137    20.4692033712    20.5479455097     20.626689628    20.7054357237    20.7841837931    20.8629338315    20.9416858327    21.0204397895    21.0991956935    21.1779535351    21.2567133034    21.3354749864     21.414238571    21.4930040427    21.5717713862    21.6505405848    21.7293116208    21.8080844751    21.8868591279     21.965635558    22.0444137432    22.1231936602    22.2019752848    22.2807585915     22.359543554    22.4383301448    22.5171183356    22.5959080968    22.6746993982    22.7534922086    22.8322864956    22.9110822261    22.9898793662    23.0686778809    23.1474777346    23.2262788908     23.305081312    23.3838849603    23.4626897968    23.5414957818    23.6203028752    23.6991110359    23.7779202223    23.8567303923    23.9355415029    24.0143535108    24.0931663719    24.1719800419    24.2507944757    24.3296096278    24.4084254525    24.4872419033    24.5660589336    24.6448764964    24.7236945443    24.8025130296    24.8813319045    24.9601511206    25.0389706298    25.1177903834    25.1966103327    25.2754304288     25.354250623    25.4330708661
   15.5118110236    15.5904713911    15.6691318075    15.7477923215    15.8264529818    15.9051138371    15.9837749359    16.0624363266    16.1410980574    16.2197601762    16.2984227309    16.3770857689    16.4557493374    16.5344134832     16.613078253    16.6917436927    16.7704098481    16.8490767646    16.9277444868    17.0064130592    17.0850825255     17.163752929    17.2424243124    17.3210967178    17.3997701865    17.4784447595    17.5571204768    17.6357973779    17.7144755015    17.7931548855    17.8718355672    17.9505175829    18.0292009681    18.1078857577    18.1865719856    18.2652596846    18.3439488869    18.4226396238    18.5013319253    18.5800258209    18.6587213388    18.7374185063    18.8161173498    18.8948178945    18.9735201646    19.0522241834    19.1309299729    19.2096375542    19.2883469472    19.3670581708    19.4457712426    19.5244861792     19.603202996    19.6819217074    19.7606423265    19.8393648651    19.9180893342    19.9968157432    20.0755441006    20.1542744137    20.2330066884    20.3117409295    20.3904771408    20.4692153245     20.547955482    20.6266976131    20.7054417168    20.7841877906    20.8629358308    20.9416858327    21.0204377902    21.0991916961     21.177947542    21.2567053182    21.3354650141    21.4142266176    21.4929901157     21.571755494    21.6505227372    21.7292918285    21.8080627504    21.8868354841    21.9656100095    22.0443863057    22.1231643505    22.2019441207    22.2807255922    22.3595087396    22.4382935367    22.5170799561    22.5958679694    22.6746575476    22.7534486602    22.8322412761    22.9110353632    22.9898308886    23.0686278183    23.1474261176    23.2262257509    23.3050266818    23.3838288732    23.4626322871    23.5414368847    23.6202426267    23.6990494729    23.7778573826    23.8566663142    23.9354762256    24.0142870743    24.0930988169    24.1719114096    24.2507248082    24.3295389677     24.408353843    24.4871693883    24.5659855574    24.6448023039    24.7236195809    24.8024373412    24.8812555374    24.9600741216    25.0388930459    25.1177122621    25.1965317218    25.2753513765    25.3541711775    25.4329910761    25.5118110236
   15.5905511811    15.6692118931    15.7478726538    15.8265335116    15.9051945151    15.9838557128     16.062517153    16.1411788838    16.2198409532     16.298503409    16.3771662987    16.4558296697    16.5344935689    16.6131580429    16.6918231381    16.7704889005    16.8491553754    16.9278226081    17.0064906431    17.0851595245    17.1638292961    17.2425000008    17.3211716811     17.399844379    17.4785181357    17.5571929918    17.6358689874    17.7145461616     17.793224553    17.8719041994    17.9505851379    18.0292674046     18.107951035    18.1866360636    18.2653225243    18.3440104498    18.4226998722    18.5013908224    18.5800833306    18.6587774259    18.7374731365    18.8161704896    18.8948695115    18.9735702272    19.0522726609    19.1309768357    19.2096827736    19.2883904956    19.3671000214    19.4458113699    19.5245245587    19.6032396042    19.6819565218    19.7606753258    19.8393960292    19.9181186439    19.9968431807    20.0755696491    20.1542980575     20.233028413    20.3117607217    20.3904949884    20.4692312167     20.547969409    20.6267095665    20.7054516891    20.7841957757     20.862941824    20.9416898302    21.0204397895    21.0991916961    21.1779455426    21.2567013208     21.335459021    21.4142186325    21.4929801434    21.5717435407    21.6505088101    21.7292759363    21.8080449028    21.8868156918    21.9655882848    22.0443626619     22.123138802    22.2019166832    22.2806962824    22.3594775755    22.4382605373    22.5170451417    22.5958313613    22.6746191681    22.7534085328    22.8321994254    22.9109918148    22.9897856691    23.0685809554      23.14737764    23.2261756882    23.3049750648    23.3837757333    23.4625776568    23.5413807976     23.620185117    23.6989905759    23.7777971341    23.8566047512    23.9354133859    24.0142229962    24.0930335396    24.1718449732    24.2506572531    24.3294703355    24.4082841755    24.4870987282    24.5659139479    24.6447297889    24.7235462047    24.8023631488     24.881180574    24.9599984332    25.0388166788     25.117635263    25.1964541378    25.2752732551    25.3540925666    25.4329120238    25.5117315781    25.5905511811
   15.6692913386    15.7479524437    15.8266135972    15.9052748475    15.9839362427    16.0625978311    16.1412596608    16.2199217796    16.2985842354    16.3772470757    16.4559103478    16.5345740987    16.6132383752    16.6919032238    16.7705686904    16.8492348209    16.9279016604    17.0065692539    17.0852376458      17.16390688    17.2425769998    17.3212480481    17.3999200673     17.478593099    17.5572671842    17.6359423635    17.7146186766    17.7932961624    17.8719748595    17.9506548053    18.0293360368      18.10801859    18.1867025001    18.2653878015    18.3440745279    18.4227627119    18.5014523853     18.580143579    18.6588363229    18.7375306462    18.8162265767    18.8949241417    18.9736233671    19.0523242779    19.1310268983    19.2097312512    19.2884373584    19.3671452409    19.4458549183    19.5245664093    19.6032797315    19.6819949013    19.7607119339    19.8394308436    19.9181516432    19.9968743448    20.0755989588     20.154325495    20.2330539615    20.3117843655    20.3905167131    20.4692510089    20.5479872567    20.6267254587    20.7054656161    20.7842077291    20.8629517962    20.9416978153    21.0204457827    21.0991956935     21.177947542    21.2567013208    21.3354570216     21.414214635    21.4929741503    21.5717355555    21.6504988378     21.729263983    21.8080309757    21.8867997996    21.9655704371    22.0443428696    22.1231170773    22.2018930394     22.280670734     22.359450138    22.4382312276    22.5170139776     22.595798362    22.6745843537    22.7533719247    22.8321610459    22.9109516875    22.9897438184     23.068537407    23.1473324205    23.2261288254    23.3049265872    23.3837256707    23.4625260398    23.5413276577    23.6201304868    23.6989344887    23.7777396244    23.8565458542    23.9353531375    24.0141614333    24.0929706999     24.171780895    24.2505919759     24.329403899    24.4082166205    24.4870300959    24.5658442805    24.6446591288    24.7234745953    24.8022906337    24.8811071978    24.9599242407    25.0387417154    25.1175595746    25.1963777708    25.2751962561    25.3540149827    25.4328339025    25.5116529672    25.5904721287    25.6692913386
   15.7480314961    15.8266930427    15.9053546374    15.9840163283    16.0626781634    16.1413401906    16.2200024577    16.2986650124    16.3773279021    16.4559911742    16.5346548757    16.6133190533    16.6919837536    16.7706490227    16.8493149065    16.9279814504    17.0066486994    17.0853166981    17.1639854908     17.242655121     17.321325632    17.3999970663     17.478669466    17.5573428726    17.6360173268     17.714692869    17.7933695386    17.8720473745    17.9507264148    18.0294066969    18.1080882574    18.1867711323    18.2654553565    18.3441409643    18.4228279891    18.5015164633    18.5802064187    18.6588978858    18.7375908946    18.8162854738    18.8949816514    18.9736794542    19.0523789081    19.1310800382    19.2097828682     19.288487421    19.3671937184    19.4459017811    19.5246116288    19.6033232799     19.682036752    19.7607520613    19.8394692231    19.9181882514    19.9969091592    20.0756319582     20.154356659    20.2330832712     20.311811803    20.3905422616    20.4692746527    20.5480089813    20.6267452509    20.7054834638    20.7842236213    20.8629657233    20.9417097686     21.020455755    21.0992036787    21.1779535351    21.2567053182     21.335459021     21.414214635    21.4929721509    21.5717315581    21.6504928447    21.7292559978    21.8080210034    21.8867878463    21.9655565101    22.0443269774    22.1230992296    22.2018732472    22.2806490093    22.3594264942    22.4382056791    22.5169865401    22.5957690522    22.6745531896    22.7533389253    22.8321262315    22.9109150793    22.9897054389    23.0684972796    23.1472905698     23.226085277    23.3048813677    23.3836788078    23.4624775622    23.5412775951    23.6200788697    23.6988813488    23.7776849942     23.856489767    23.9352956278    24.0141025362    24.0929104515    24.1717193321    24.2505291361    24.3293398209    24.4081513432    24.4869636594    24.5657767254    24.6445904965    24.7234049278    24.8022199736    24.8810355883    24.9598517257    25.0386683392    25.1174853821    25.1963028074    25.2751205677    25.3539386156    25.4327569034    25.5115753833    25.5903940074    25.6692127277    25.7480314961
   15.8267716535    15.9054336898    15.9840957738    16.0627579534    16.1414202762      16.22008279    16.2987455422    16.3774085802    16.4560719512    16.5347357021    16.6133998797    16.6920645306    16.7707297008    16.8493954363    16.9280617827     17.006728785    17.0853964881    17.1640649363    17.2427341734    17.3214042429    17.4000751876    17.4787470499    17.5574198716    17.6360936939    17.7147685573    17.7934445019    17.8721215669    17.9507997909    18.0294792118    18.1081598669    18.1868417924     18.265525024    18.3442095966    18.4228955441    18.5015828998    18.5802716959    18.6589619639    18.7376537343    18.8163470367    18.8950418998    18.9737383512    19.0524364178    19.1311361253    19.2098374984    19.2885405609    19.3672453355    19.4459518438    19.5246601063    19.6033701428    19.6820819714    19.7607956097    19.8395110737    19.9182283787    19.9969475386    20.0756685663    20.1543914734    20.2331162706    20.3118429671    20.3905715713    20.4693020903    20.5480345298    20.6267688947    20.7055051885    20.7842434135     20.862983571    20.9417256609     21.020469682     21.099215632    21.1779635074    21.2567133034    21.3354650141    21.4142186325    21.4929741503    21.5717315581    21.6504908453    21.7292520004    21.8080150103    21.8867798611    21.9655465378    22.0443150241    22.1230853026     22.201857355    22.2806311616     22.359406702    22.4381839544    22.5169628963    22.5957435037    22.6745257521    22.7533096156    22.8320950674      22.91088208    22.9896706245    23.0684606715    23.1472521903    23.2260451496     23.304839517    23.3836352594    23.4624323428    23.5412307322    23.6200303922    23.6988312862    23.7776333772    23.8564366271    23.9352409975    24.0140464491    24.0928529418     24.171660435    24.2504688877     24.329278258    24.4080885035    24.4868995813    24.5657114482    24.6445240601    24.7233373727    24.8021513414    24.8809659208    24.9597810656    25.0385967298    25.1174128671    25.1962294312    25.2750463752    25.3538636522     25.432681215    25.5114990162    25.5903170084    25.6691351438    25.7479533748    25.8267716535
    15.905511811    15.9841743846    16.0628370057    16.1414997217      16.22016258    16.2988256279    16.3774889125     16.456152481    16.5348163802    16.6134806567     16.692145357    16.7708105272    16.8494762133    16.9281424608    17.0068093148    17.0854768204    17.1641450219    17.2428139633    17.3214836883    17.4001542399    17.4788256608    17.5574979929    17.6361712778    17.7148455563     17.793520869    17.8721972552    17.9508747542    18.0295534043     18.108233243    18.1869143073    18.2655966334    18.3442802566    18.4229652116     18.501651532    18.5803392509    18.6590284003    18.7377190115    18.8164111148    18.8951047395    18.9737999141    19.0524966662    19.1311950224    19.2098950081     19.288596648    19.3672999657    19.4460049836    19.5247117234    19.6034202054     19.682130449    19.7608424725    19.8395562932    19.9182719271    19.9969893893    20.0757086937    20.1544298529    20.2331528787    20.3118777815    20.3906045707    20.4693332543    20.5480638396    20.6267963322    20.7055307369    20.7842670573    20.8630052956    20.9417454531    21.0204875297    21.0992315242    21.1779774344    21.2567252567    21.3354749864    21.4142266176    21.4929801434    21.5717355555    21.6504928447    21.7292520004    21.8080130109    21.8867758637    21.9655405447    22.0443070389    22.1230753303    22.2018454016    22.2806172346    22.3593908098    22.4381661068     22.516943104    22.5957217791    22.6745021083    22.7532840671    22.8320676299    22.9108527702    22.9896394605    23.0684276722    23.1472173759    23.2260085415    23.3048011375     23.383595132    23.4623904921    23.5411871838    23.6199851727    23.6987844233    23.7775848996    23.8563865645    23.9351893805    24.0139933092    24.0927983115    24.1716043479     24.250411378    24.3292193609     24.408028255    24.4868380184    24.5656486084     24.644459982    24.7232720955    24.8020849049    24.8808983658    24.9597124333    25.0385270623     25.117342207    25.1961578217    25.2749738602     25.353790276    25.4326070225    25.5114240529      25.59024132    25.6690587767    25.7478763757    25.8266940696     25.905511811
   15.9842519685     16.062915127    16.1415783325    16.2202416323    16.2989050733    16.3775687025    16.4562325667    16.5348967125    16.6135611866    16.6922260351    16.7708913042    16.8495570397    16.9282232872    17.0068900918    17.0855574985    17.1642255517    17.2428942956    17.3215637739    17.4002340299    17.4789051062    17.5575770452    17.6362498886    17.7149236776    17.7935984528    17.8722742543    17.9509511213    18.0296290926    18.1083082063    18.1869884998    18.2656700096    18.3443527716     18.423036821    18.5017221921    18.5804089184    18.6590970326    18.7377865665    18.8164775512    18.8951700167    18.9738639922    19.0525595059    19.1312565853    19.2099552565    19.2886555451    19.3673574753    19.4460610707    19.5247663536    19.6034733452     19.682182066    19.7608925351    19.8396047707      19.91831879    19.9970346088     20.075752242    20.1544717036    20.2331930061     20.311916161    20.3906411788    20.4693680687    20.5480968389    20.6268274963    20.7055600467    20.7842944948    20.8630308441    20.9417690969    21.0205092543    21.0992513165    21.1779952821    21.2567411489    21.3354889134     21.414238571    21.4929901157    21.5717435407    21.6504988378    21.7292559978    21.8080150103    21.8867758637    21.9655385453    22.0443030414    22.1230693372    22.2018374165    22.2806072623    22.3593788565    22.4381521797    22.5169272118    22.5957039314     22.674482316    22.7532623424    22.8320439861    22.9108272217    22.9896120229    23.0683983624    23.1471862119    23.2259755421    23.3047663231    23.3835585239    23.4623521126    23.5411470564     23.619943322    23.6987408749    23.7775396801    23.8563397016    23.9351409029    24.0139432465    24.0927466945     24.171551208    24.2503567478    24.3291632738    24.4079707453    24.4867791213      24.56558836     24.644398419    24.7232092557    24.8020208268    24.8808330885    24.9596459969    25.0384595072    25.1172735748    25.1960881542    25.2749032001    25.3537186666    25.4325345075    25.5113506767    25.5901671275    25.6689838133    25.7478006873    25.8266177025     25.905434812    25.9842519685
    16.062992126    16.1416559164    16.2203197536    16.2989836842    16.3776477548    16.4563120121    16.5349765025    16.6136412722    16.6923063674     16.770971834    16.8496377178    16.9283040642    17.0069709182    17.0856383249    17.1643063287    17.2429749737    17.3216443038    17.4003143622    17.4789851918    17.5576568352    17.6363293341      17.71500273    17.7936770637    17.8723523755    17.9510287052    18.0297060917    18.1083845734    18.1870641881    18.2657449729    18.3444269641    18.4231101972    18.5017947071    18.5804805278    18.6591676926     18.737856234    18.8165461834    18.8952375717    18.9739304286    19.0526247832    19.1313206633    19.2100180962     19.288717108    19.3674177238    19.4461199678    19.5248238632    19.6035294323    19.6822366962     19.760945675    19.8396563878    19.9183688526    19.9970830863    20.0757991049     20.154516923    20.2332365544    20.3119580117    20.3906813061    20.4694064482     20.548133447    20.6268623107     20.705593046    20.7843256589    20.8630601538    20.9417965344    21.0205348028    21.0992749603    21.1780170068    21.2567609412    21.3355067611    21.4142544632    21.4930040427     21.571755494    21.6505088101     21.729263983    21.8080210034    21.8867798611    21.9655405447    22.0443030414    22.1230673378     22.201833419    22.2806012691    22.3593708713    22.4381422074    22.5169152585    22.5956900043    22.6744664238    22.7532444947    22.8320241939    22.9108054971    22.9895883791    23.0683728139    23.1471587743    23.2259462324     23.304735159    23.3835255246    23.4623172982    23.5411104483    23.6199049425    23.6987007476    23.7774978294    23.8562961532    23.9350956834    24.0138963837    24.0926982169    24.1715011454    24.2503051307    24.3291101339    24.4079161151    24.4867230342    24.5655308503    24.6443395219    24.7231490073    24.8019592639    24.8807702488    24.9595819188      25.03839423    25.1172071383    25.1960205992    25.2748345678    25.3536489991    25.4324638474    25.5112790672    25.5900946125    25.6689104371    25.7477264948    25.8265427392    25.9053591236    25.9841756014     26.062992126
   16.1417322835    16.2203967526    16.2990612681    16.3777258761     16.456390623    16.5350555548    16.6137207176    16.6923861574    16.7710519197    16.8497180501     16.928384594    17.0070515963    17.0857191019    17.1643871551    17.2430558002    17.3217250808    17.4003950403    17.4790657217    17.5577371675    17.6364094197    17.7150825199    17.7937565091    17.8724314279     17.951107316    18.0297842129    18.1084621573    18.1871411872      18.26582134    18.3445026524    18.4231851605    18.5018688995     18.580553904    18.6592402076    18.7379278434    18.8166168435    18.8953072392    18.9739990609    19.0526923382    19.1313870998    19.2100833734     19.288781186    19.3674805635    19.4461815307    19.5248841117    19.6035883294    19.6822942059    19.7610017621     19.839711018    19.9184219925    19.9971347034    20.0758491675    20.1545654006    20.2332834173    20.3120032311    20.3907248545    20.4694482989    20.5481735744    20.6269006902    20.7056296542    20.7843604733    20.8630931532    20.9418276985    21.0205641126    21.0993023978    21.1780425552     21.256784585    21.3355284858    21.4142742554    21.4930218904    21.5717713862    21.6505227372    21.7292759363    21.8080309757    21.8867878463    21.9655465378    22.0443070389    22.1230693372     22.201833419    22.2805992698    22.3593668738    22.4381362143    22.5169072733     22.595680032    22.6744544705    22.7532305677    22.8320083017    22.9107876494    22.9895685869    23.0683510893    23.1471351305    23.2259206839    23.3047077215    23.3834962148    23.4622861341     23.541077449    23.6198701281    23.6986641394    23.7774594499    23.8562560259    23.9350538327    24.0138528353    24.0926529974    24.1714542825    24.2502566531    24.3290600712    24.4078644981    24.4866698943    24.5654762201    24.6442834348    24.7230914976    24.8019003668    24.8807100004    24.9595203558    25.0383313902    25.1171430602    25.1959553219    25.2747681314     25.353581444    25.4323952152    25.5112093997    25.5900239524    25.6688388277    25.7476539798     25.826469363    25.9052849311    25.9841006381    26.0629164376    26.1417322835
   16.2204724409    16.2991376351    16.3778028751    16.4564682069    16.5351336761    16.6137993285    16.6924652097    16.7711313651    16.8497978401    16.9284646796    17.0071319286    17.0857996317    17.1644678332    17.2431365771    17.3218059072    17.4004758667    17.4791464987    17.5578178456    17.6364899495    17.7151628522    17.7938365948    17.8725112178    17.9511867615    18.0298632653    18.1085407681    18.1872193084    18.2658989238    18.3445796514    18.4232615275    18.5019445879    18.5806288673    18.6593144001    18.7380012196    18.8166893585    18.8953788486    18.9740697209    19.0527620056     19.131455732    19.2101509285    19.2888476225    19.3675458407    19.4462456088    19.5249469514    19.6036498923    19.6823544543    19.7610606592    19.8397685277    19.9184780796    19.9971893336    20.0759023074    20.1546170176    20.2333334799    20.3120517087    20.3907717174    20.4694935183    20.5482171228    20.6269425408    20.7056697815    20.7843988528    20.8631297613    20.9418625129    21.0205971119    21.0993335619     21.178071865    21.2568120225    21.3355540342    21.4142978992    21.4930436151    21.5717911785    21.6505405848    21.7292918285    21.8080449028    21.8867997996    21.9655565101    22.0443150241    22.1230753303    22.2018374165    22.2806012691    22.3593668738    22.4381342149    22.5169032758    22.5956740389    22.6744464853    22.7532205954    22.8319963483    22.9107737224    22.9895526947    23.0683332416    23.1471153383    23.2258989592    23.3046840777    23.3834706663    23.4622586966    23.5410481392     23.619838964    23.6986311401    23.7774246355    23.8562194177    23.9350154532    24.0138127079    24.0926111467    24.1714107341    24.2502114337    24.3290132084    24.4078160205    24.4866198317     24.565424603    24.6442302949    24.7230368674    24.8018442797    24.8806524907    24.9594614587    25.0382711418    25.1170814972    25.1958924822    25.2747040533    25.3535161668    25.4323287787    25.5111418447    25.5899553201    25.6687691602    25.7475833197    25.8263977535    25.9052124161    25.9840272619    26.0628422451    26.1416573201    26.2204724409
   16.2992125984    16.3778785635    16.4565445739    16.5352106751    16.6138769124     16.692543331     16.771209976    16.8498768924    16.9285441251    17.0072117186    17.0858797174    17.1645481655     17.243217107    17.3218865853    17.4005566437    17.4792273251     17.557898672    17.6365707265    17.7152435303    17.7939171246    17.8725915501    17.9512668471    18.0299430552    18.1086202136    18.1872983608    18.2659775347    18.3446577727    18.4233391114    18.5020215869    18.5807052344    18.6593900884    18.7380761829    18.8167635509    18.8954522248    18.9741422359    19.0528336151    19.1315263921    19.2102205959    19.2889162547    19.3676133957    19.4463120452    19.5250122286    19.6037139704     19.682417294    19.7611222221    19.8398287761    19.9185369766    19.9972468432    20.0759583945    20.1546716478    20.2333866198    20.3121033257      20.39082178    20.4695419959    20.5482639856    20.6269877603    20.7057133299    20.7844407034    20.8631698887    20.9419008923      21.02063372    21.0993683762    21.1781048643    21.2568431865     21.335583344    21.4143253367    21.4930691636    21.5718148223    21.6505623095    21.7293116208    21.8080627504    21.8868156918    21.9655704371    22.0443269774    22.1230853026    22.2018454016    22.2806072623    22.3593708713    22.4381362143    22.5169032758    22.5956720395    22.6744424879    22.7532146022    22.8319883632    22.9107637501    22.9895407414    23.0683193145    23.1470994461    23.2258811115    23.3046642855    23.3834489416    23.4622350528    23.5410225907    23.6198115265    23.6986018303    23.7773934714    23.8561864184    23.9349806388    24.0137760997    24.0925727672    24.1713706068     24.250169583      24.32896966     24.407770801    24.4865729688    24.5653761254    24.6441802323    24.7229852503    24.8017911398    24.8805978604    24.9594053716    25.0382136321    25.1170226002    25.1958322337    25.2746424903     25.353453327    25.4322647006    25.5110765674    25.5898888836    25.6687016051    25.7475146874     25.826328086     25.905141756    25.9839556524    26.0627697301    26.1415839439    26.2203982485    26.2992125984
   16.3779527559    16.4566195372    16.5352863634    16.6139532794      16.69262033    16.7712875599    16.8499550137    16.9286227359    17.0072907709    17.0859591628    17.1646279555    17.2432971926    17.3219669176    17.4006371735    17.4793080032     17.557979449    17.6366515529    17.7153243567    17.7939979016    17.8726722282     17.951347377    18.0300233875    18.1087002992    18.1873781507    18.2660569802     18.344736825    18.4234177223    18.5020997082    18.5807828182    18.6594670874      18.73815255    18.8168392393    18.8955271881    18.9742164284    19.0529069912    19.1315989071    19.2102922054    19.2889869148    19.3676830632    19.4463806774    19.5250797836    19.6037804068    19.6824825712    19.7611863001    19.8398916158    19.9185985395    19.9973070917    20.0760172915    20.1547291575    20.2334427069    20.3121579559    20.3908749199    20.4695936129    20.5483140482    20.6270362379    20.7057601928    20.7844859229    20.8632134371     20.941942743    21.0206738474    21.0994067557    21.1781414725    21.2568780009    21.3356163433    21.4143565008    21.4930984733    21.5718422598     21.650587858    21.7293352646    21.8080844751    21.8868354841    21.9655882848    22.0443428696    22.1230992296     22.201857355    22.2806172346    22.3593788565    22.4381422074    22.5169072733    22.5956740389    22.6744424879    22.7532126029    22.8319843657    22.9107577569    22.9895327562    23.0683093422    23.1470874928    23.2258671845    23.3046483933     23.383431094    23.4622152605     23.541000866    23.6197878827    23.6985762818    23.7773660339    23.8561571086    23.9349494748    24.0137431004    24.0925379528    24.1713339986    24.2501312035    24.3289295326    24.4077289503    24.4865294204    24.5653309059    24.6441333694    24.7229367727    24.8017410771    24.8805462434    24.9593522317    25.0381590019     25.116966513     25.195774724    25.2745835932    25.3533930786    25.4322031376    25.5110137277    25.5898248055    25.6686363279     25.747448251     25.826260531    25.9050731237    25.9838859849      26.06269907    26.1415123344    26.2203257334    26.2991392222    26.3779527559
   16.4566929134    16.5353605559    16.6140282428    16.6926960183    16.7713639269    16.8500320127    16.9287003198    17.0073688922    17.0860377737    17.1647070078    17.2433766381    17.3220467076    17.4007172592    17.4793883355    17.5580599788     17.636732231    17.7154051337     17.794078728    17.8727530547    17.9514281539    18.0301040656    18.1087808291     18.187458483    18.2661370658     18.344816615    18.4234971677    18.5021787605    18.5808614291    18.6595452087    18.7382301339    18.8169162383    18.8956035552    18.9742921167    19.0529819546    19.1316730995    19.2103655815    19.2890594298    19.3677546726    19.4464513375    19.5251494511    19.6038490391    19.6825501263    19.7612527366     19.839956893    19.9186626176    19.9973699314    20.0760788544    20.1547894059     20.233501604    20.3122154656     20.390931007    20.4696482431    20.5483671881    20.6270878549    20.7058102554    20.7845344005    20.8632602999    20.9419879625    21.0207173958    21.0994486064    21.1781815998    21.2569163804    21.3356529515    21.4143913152    21.4931314726    21.5718734239    21.6506171677    21.7293627021    21.8081100236    21.8868591279    21.9656100095    22.0443626619    22.1231170773    22.2018732472    22.2806311616    22.3593908098    22.4381521797    22.5169152585     22.595680032    22.6744464853    22.7532146022    22.8319843657    22.9107557576    22.9895287587    23.0683033491    23.1470795076    23.2258572122      23.30463644    23.3834171669    23.4621993683    23.5409830184    23.6197680905    23.6985545572    23.7773423901    23.8561315601    23.9349220372    24.0137137906    24.0925067888    24.1713009993    24.2500963891    24.3288929244    24.4076905708     24.486489293    24.5652890553     24.644089821    24.7228915533    24.8016942143    24.8804977658    24.9593021691    25.0381073848    25.1169133731    25.1957200938    25.2745275061    25.3533355689    25.4321442406    25.5109534792    25.5897632426    25.6685734881    25.7473841729    25.8261952537    25.9050066872    25.9838184298    26.0626304377    26.1414426669    26.2202550733    26.2990676128    26.3778802409    26.4566929134
   16.5354330709    16.6141016189    16.6927702108    16.7714388902    16.8501077011    16.9287766869    17.0074458912    17.0861153576    17.1647851291    17.2434552489    17.3221257599    17.4007967046    17.4794681254    17.5581400644    17.6368125633    17.7154856636    17.7941594061    17.8728338316    17.9515089804    18.0301848921     18.108861606    18.1875391611    18.2662175956    18.3448969473    18.4235772534    18.5022585505    18.5809408746    18.6596242611    18.7383087447    18.8169943596     18.895681139    18.9743691157    19.0530583216    19.1317487879    19.2104405449    19.2891336222    19.3678280488    19.4465238525    19.5252210605    19.6039196991    19.6826197937    19.7613213688     19.840024448    19.9187290541    19.9974352086    20.0761429325    20.1548522457    20.2335631669     20.312275714     20.390989904    20.4697057528    20.5484232752    20.6271424851    20.7058633953    20.7845860175    20.8633103625      20.94203644    21.0207642586    21.0994938259    21.1782251482    21.2569582311    21.3356930788    21.4144296947    21.4931680808    21.5719082383    21.6506501671    21.7293938662    21.8081393333    21.8868865654     21.965635558    22.0443863057     22.123138802    22.2018930394    22.2806490093     22.359406702    22.4381661068    22.5169272118    22.5956900043    22.6744544705    22.7532205954    22.8319883632    22.9107577569    22.9895287587    23.0683013497    23.1470755101    23.2258512191    23.3046284548    23.3834071946     23.462187415    23.5409690913    23.6197521983    23.6985367095    23.7773225979    23.8561098355    23.9348983934    24.0136882422    24.0924793512    24.1712716895     24.250065225    24.3288599251    24.4076557564    24.4864526849    24.5652506758    24.6440496937    24.7228497026    24.8016506659    24.8804525463    24.9592553062    25.0380589072    25.1168633105    25.1956684768    25.2744743662    25.3532809387    25.4320881534    25.5108959695    25.5897043455    25.6685132397    25.7473226099     25.826132414    25.9049426091    25.9837531526    26.0625640013    26.1413751119    26.2201864411    26.2989979453    26.3778095808    26.4566213039    26.5354330709
   16.6141732283    16.6928427258    16.7715122664    16.8501818935    16.9288516502    17.0075215796    17.0861917246    17.1648621281    17.2435328328    17.3222038812    17.4008753155    17.4795471778    17.5582195099    17.6368923533    17.7155657492    17.7942397384    17.8729143615    17.9515896585     18.030265669    18.1089424325    18.1876199876    18.2662983726    18.3449776254    18.4236577832    18.5023388828    18.5810209602     18.659704051    18.7383881902    18.8170734119    18.8957597499     18.974447237    19.0531359055    19.1318257869    19.2105169119    19.2892093106    19.3679030121     19.446598045    19.5252944367    19.6039922141    19.6826914032    19.7613920289    19.8400941155    19.9187976863    19.9975027636     20.076209369    20.1549175229    20.2336272449    20.3123385537     20.391051467    20.4697660012    20.5484821723    20.6271999948    20.7059194824    20.7846406477    20.8633635024    20.9420880571    21.0208143213    21.0995423034    21.1782720111    21.2570034506    21.3357366272    21.4144715454    21.4932082082    21.5719466177    21.6506867752    21.7294286805    21.8081723327    21.8869177295    21.9656648677    22.0444137432    22.1231643505    22.2019166832     22.280670734    22.3594264942    22.4381839544     22.516943104    22.5957039314    22.6744664238    22.7532305677    22.8319963483    22.9107637501    22.9895327562    23.0683033491    23.1470755101    23.2258492197    23.3046244573    23.3834012015    23.4621794298     23.540959119    23.6197402449    23.6985227825    23.7773067057    23.8560919878    23.9348786012    24.0136665175    24.0924557074     24.171246141    24.2500377875    24.3288306153    24.4076245923    24.4864196855    24.5652158614    24.6440130855    24.7228113231    24.8016105385    24.8804106956    24.9592117578    25.0380136878    25.1168164476    25.1956199992    25.2744243036    25.3532293216    25.4320350135    25.5108413393    25.5896482584      25.66845573    25.7472637128    25.8260721655    25.9048810462    25.9836903128    26.0624999231    26.1413098346    26.2201200046    26.2989303902    26.3777409485    26.4565516364    26.5353624108    26.6141732283
   16.6929133858    16.7715838758    16.8502544085    16.9289250264     17.007595772    17.0862666879    17.1649378165    17.2436091999    17.3222808802    17.4009528994    17.4796252991    17.5582981208    17.6369714057    17.7156451947    17.7943195284    17.8729944471    17.9516699908    18.0303461989    18.1090231106    18.1877007645     18.266379199    18.3450584518    18.4237385602    18.5024195609      18.58110149    18.6597843833    18.7384682758    18.8171532019    18.8958391954    18.9745262894    19.0532145164    19.1319039082    19.2105944958    19.2892863096    19.3679793792    19.4466737333       19.5253694    19.6040664066    19.6827647793    19.7614645439     19.840165725    19.9188683464    19.9975724311    20.0762780012    20.1549850779    20.2336936814     20.312403831     20.391115545     20.469828841    20.5485437352    20.6272602432    20.7059783794    20.7846981574    20.8634195895    20.9421426873    21.0208674611    21.0995939205    21.1783220737    21.2570519281    21.3357834901    21.4145167648    21.4932517565    21.5719884684    21.6507269026      21.72946706    21.8082089408    21.8869525439    21.9656978671    22.0444449073    22.1231936602    22.2019441207    22.2806962824     22.359450138    22.4382056791    22.5169628963    22.5957217791     22.674482316    22.7532444947    22.8320083017    22.9107737224    22.9895407414    23.0683093422    23.1470795076    23.2258512191    23.3046244573    23.3833992021    23.4621754323    23.5409531259    23.6197322598    23.6985128102    23.7772947523    23.8560780608     23.934862709    24.0136486698    24.0924359152    24.1712244164    24.2500141437    24.3288050668    24.4075971548    24.4863903758    24.5651846973    24.6439800862    24.7227765087    24.8015739303    24.8803723161    24.9591716304    25.0379718371    25.1167728992    25.1955747797    25.2743774407     25.353180844    25.4319849509    25.5107897222    25.5895951185    25.6684010997    25.7472076257    25.8260146558    25.9048221491    25.9836300644    26.0624383602    26.1412469949    26.2200559265     26.298865113     26.377674512    26.4564840814    26.5352937785    26.6141035608    26.6929133858
   16.7716535433    16.8503250686    16.9289966358     17.007668287    17.0863400641    17.1650120089    17.2436841632    17.3223565685    17.4010292664    17.4797022981    17.5583757046    17.6370495269    17.7157238055    17.7943985807    17.8730738926    17.9517497807    18.0304262845    18.1091034429    18.1877812944    18.2664598771    18.3451392288    18.4238193866    18.5025003873     18.581182267    18.6598650614    18.7385488057    18.8172335342     18.895919281    18.9746060793    19.0532939618    19.1319829605    19.2106731067    19.2893644309    19.3680569631    19.4467507323    19.5254457671    19.6041420949    19.6828397427    19.7615387363    19.8402391011    19.9189408614    19.9976440405    20.0763486613    20.1550547454    20.2337623136     20.312471386    20.3911819815    20.4698941182    20.5486078133    20.6273230829    20.7060399423    20.7847584058    20.8634784866     20.942200197    21.0209235483    21.0996485507    21.1783752136    21.2571035452    21.3358335527    21.4145652424    21.4932986194    21.5720336879     21.650770451    21.7295089107    21.8082490682    21.8869909234    21.9657344752    22.0444797216    22.1232266596    22.2019752848    22.2807255922    22.3594775755    22.4382312276    22.5169865401    22.5957435037    22.6745021083    22.7532623424    22.8320241939    22.9107876494    22.9895526947    23.0683193145    23.1470874928    23.2258572122    23.3046284548    23.3834012015    23.4621754323    23.5409511265    23.6197282623     23.698506817    23.7772867672    23.8560680885    23.9348507557    24.0136347428     24.092420023    24.1712065687    24.2499943514    24.3287833422     24.407573511    24.4863648273    24.5651572597    24.6439507764    24.7227453446     24.801540931    24.8803375017    24.9591350223    25.0379334576    25.1167327719     25.195532929    25.2743338923    25.3531356245     25.431938088    25.5107412447    25.5895450559    25.6683494827    25.7471544858    25.8259600256     25.904766062    25.9835725547    26.0623794631    26.1411867464    26.2199943636    26.2988022732    26.3776104339    26.4564188041     26.535227342    26.6140360058    26.6928447536    26.7716535433
   16.8503937008    16.9290663033    17.0077389471    17.0864116735    17.1650845239    17.2437575393     17.322430761    17.4011042297    17.4797779864    17.5584520717    17.6371265259    17.7158013894     17.794476702    17.8731525034    17.9518288331      18.03050573    18.1091832328      18.18786138    18.2665402095    18.3452197587    18.4239000647    18.5025811643    18.5812630935    18.6599458879    18.7386295826    18.8173142123    18.8959998109    18.9746864117    19.0533740475    19.1320627505    19.2107525521    19.2894434832    19.3681355739    19.4468288536     19.525523351     19.604219094    19.6829161097    19.7616144247    19.8403140645    19.9190150538    19.9977174167    20.0764211763    20.1551263548    20.2338329737    20.3125410535    20.3912506137    20.4699616732    20.5486742497    20.6273883602    20.7061040204    20.7848212455    20.8635400495    20.9422604454    21.0209824453    21.0997060604    21.1784313007    21.2571581754    21.3358866926    21.4146168594     21.493348682    21.5720821655    21.6508173138    21.7295541302    21.8082926166     21.887032774    21.9657746026    22.0445181011    22.1232632677    22.2020100992    22.2807585915    22.3595087396    22.4382605373    22.5170139776    22.5957690522    22.6745257521    22.7532840671    22.8320439861    22.9108054971    22.9895685869    23.0683332416    23.1470994461    23.2258671845      23.30463644    23.3834071946    23.4621794298    23.5409531259    23.6197282623    23.6985048177    23.7772827697    23.8560620953    23.9348427705    24.0136247705    24.0924080697    24.1711926416    24.2499784592    24.3287654945    24.4075537188    24.4863431026    24.5651336159    24.6439252279     24.722717907    24.8015116212    24.8803063376     24.959102023    25.0378986432    25.1166961637    25.1954945495    25.2742937649    25.3530937739    25.4318945396    25.5106960252     25.589498193    25.6683010051    25.7471044232    25.8259084085    25.9047129221    25.9835179245     26.062323376    26.1411292367    26.2199354665    26.2987420248     26.377548871    26.4563559644    26.5351632639    26.6139707285    26.6927783171    26.7715859883    26.8503937008
   16.9291338583    17.0078075793     17.086481341     17.165155184    17.2438291488     17.322503276    17.4011776059    17.4798521789     17.558527035    17.6372022143    17.7158777564     17.794553701    17.8732300873    17.9519069543    18.0305843408    18.1092622852    18.1879408255    18.2666199994    18.3452998443    18.4239803971    18.5026616941    18.5813437715    18.6600266649    18.7387104091    18.8173950387    18.8960805878    18.9747670898    19.0534545773    19.1321430828    19.2108326378    19.2895232732    19.3682150194     19.446907906    19.5256019618    19.6042972152    19.6829936936    19.7616914237    19.8403904315    19.9190907422    19.9977923801    20.0764953688     20.155199731    20.2339054887    20.3126126629    20.3913212738    20.4700313407     20.548742882    20.6274559152    20.7061704569    20.7848865228    20.8636041276    20.9423232851    21.0210440082    21.0997663088    21.1784901978    21.2572156851    21.3359427797    21.4146714896    21.4934018219    21.5721337825    21.6508673764    21.7296026078    21.8083394794    21.8870779935     21.965818151    22.0445599518    22.1233033951    22.2020484787    22.2807951997     22.359543554    22.4382935367    22.5170451417     22.595798362    22.6745531896    22.7533096156    22.8320676299    22.9108272217    22.9895883791    23.0683510893    23.1471153383    23.2258811115    23.3046483933    23.3834171669     23.462187415     23.540959119    23.6197322598     23.698506817    23.7772827697     23.856060096     23.934838773    24.0136187773    24.0924000845    24.1711826693    24.2499665059    24.3287515675    24.4075378265    24.4863252549    24.5651138237    24.6439035032    24.7226942632    24.8014860727    24.8802789001    24.9590727132    25.0378674791    25.1166631644    25.1954597351    25.2742571568    25.3530553943    25.4318544123    25.5106541745    25.5894546446    25.6682557856    25.7470575603     25.825859931    25.9046628595    25.9834663074    26.0622702361    26.1410746065    26.2198793794    26.2986845151    26.3774899739    26.4562957159     26.535101701    26.6139078888     26.692714239     26.771520711    26.8503272643    26.9291338583
   17.0078740157     17.086548896    17.1652238162    17.2438988162     17.322573936    17.4012492153    17.4799246939    17.5586004112    17.6372764067    17.7159527198    17.7946293894    17.8733064544    17.9519839534    18.0306619247    18.1093404065    18.1880194363    18.2666990518    18.3453792898     18.424060187    18.5027417798    18.5814241039    18.6601071947    18.7387910872    18.8174758157    18.8961614143    18.9748479162    19.0535353543    19.1322237609    19.2109131676    19.2896036055     19.368295105    19.4469876959    19.5256814073    19.6043762676    19.6830723045     19.761769545    19.8404680154    19.9191677412    19.9978687471    20.0765710571    20.1552746943    20.2339796812    20.3126860391    20.3913937888    20.4701029501    20.5488135421    20.6275255827    20.7062390891    20.7849540778     20.863670564    20.9423885624    21.0211080863    21.0998291485    21.1785517607    21.2572759335    21.3360016768    21.4147289993     21.493457909    21.5721884127    21.6509205163    21.7296542248    21.8083895421    21.8871264711    21.9658650138    22.0446051713    22.1233469435    22.2020903294     22.280835327    22.3595819335    22.4383301448    22.5170799561    22.5958313613    22.6745843537    22.7533389253    22.8320950674    22.9108527702    22.9896120229    23.0683728139    23.1471351305    23.2258989592    23.3046642855     23.383431094    23.4621993683    23.5409690913    23.6197402449    23.6985128102    23.7772867672    23.8560620953     23.934838773     24.013616778     24.092396087    24.1711766762    24.2499585207    24.3287415952    24.4075258732    24.4863113279    24.5650979315    24.6438856556     24.722674471    24.8014643481    24.8802552563    24.9590471647    25.0378400415    25.1166338546     25.195428571    25.2742241575      25.35302058    25.4318178041     25.510615795    25.5894145172    25.6682139349    25.7470140119    25.8258147115    25.9046159966    25.9834178298    26.0622201735    26.1410229895    26.2198262394    26.2986298848    26.3774338868    26.4562382062    26.5350428039    26.6138476404     26.692652676    26.7714578713    26.8502631862     26.929068581    27.0078740157
   17.0866141732    17.1652902526    17.2439663712    17.3226425683    17.4013188828    17.4799953539    17.5586720206    17.6373489217    17.7160260959    17.7947035818    17.8733814177    17.9520596417    18.0307382918    18.1094174055    18.1880970202     18.266777173    18.3454579006    18.4241392394    18.5028212252    18.5815038938    18.6601872803    18.7388714195    18.8175563456    18.8962420924    18.9749286932    19.0536161808    19.1323045873    19.2109939446    19.2896842836    19.3683756349    19.4470680283     19.525761493    19.6044560576      19.68315175    19.7618485974    19.8405466263    19.9192458625     19.997946331    20.0766480561    20.1553510614    20.2340553695    20.3127610024    20.3914679813    20.4701763263    20.5488860571    20.6275971921    20.7063097492    20.7850237453    20.8637391963    20.9424561174    21.0211745228    21.0998944258    21.1786158388    21.2573387732    21.3360632397    21.4147892478    21.4935168061    21.5722459224    21.6509766034     21.729708855    21.8084426819    21.8871780881    21.9659150764    22.0446536489    22.1233938063    22.2021355488    22.2808788754    22.3596237842    22.4383702722    22.5171183356    22.5958679694    22.6746191681    22.7533719247    22.8321262315      22.91088208    22.9896394605    23.0683983624    23.1471587743    23.2259206839    23.3046840777    23.3834489416    23.4622152605    23.5409830184    23.6197521983    23.6985227825    23.7772947523    23.8560680885    23.9348427705    24.0136187773     24.092396087    24.1711746768    24.2499545233     24.328735602    24.4075178881    24.4863013556    24.5650859782    24.6438717285    24.7226585788    24.8014465004    24.8802354641      24.95902544    25.0378163977    25.1166083061    25.1954011335    25.2741948477    25.3529894159    25.4317848048    25.5105809806    25.5893779091    25.6681755554    25.7469738845    25.8257728608    25.9045724482    25.9833726104    26.0621733106    26.1409745119    26.2197761768    26.2985782678    26.3773807469     26.456183576    26.5349867168    26.6137901307     26.692593779    26.7713976228    26.8502016233    26.9290057413    27.0078099376    27.0866141732
   17.1653543307    17.2440316485    17.3227090047    17.4013864378    17.4800639862    17.5587416881    17.6374195818    17.7160977054    17.7947760968    17.8734547939    17.9521338342    18.0308132551    18.1094930938    18.1881733873    18.2668541721    18.3455354845    18.4242173606    18.5028998361    18.5815829462    18.6602667258    18.7389512095    18.8176364312    18.8963224247     18.975009223    19.0536968588    19.1323853643     19.211074771    19.2897651101    19.3684564119    19.4471487064    19.5258420228    19.6045363899    19.6832318356    19.7619283873    19.8406260717    19.9193249148    19.9980249419    20.0767261774    20.1554286453    20.2341323686    20.3128373695    20.3915436696    20.4702512897    20.5489602495    20.6276705683    20.7063822642    20.7850953547    20.8638098564    20.9425257849     21.021243155    21.0999619808    21.1786822752    21.2574040505    21.3361273178    21.4148520875     21.493578369    21.5723061708    21.6510355005    21.7297663647    21.8084987691    21.8872327183    21.9659682163    22.0447052659    22.1234438689    22.2021840264    22.2809257383    22.3596690037    22.4384138206    22.5171601862    22.5959080968    22.6746575476    22.7534085328    22.8321610459    22.9109150793    22.9896706245    23.0684276722    23.1471862119    23.2259462324    23.3047077215    23.3834706663    23.4622350528     23.541000866    23.6197680905    23.6985367095    23.7773067057    23.8560780608    23.9348507557    24.0136247705    24.0924000845    24.1711766762    24.2499545233    24.3287336027    24.4075138906    24.4862953625     24.565077993    24.6438617562    24.7226466255    24.8014325734    24.8802195719    24.9590075923    25.0377966055    25.1165865815    25.1953774897    25.2741692992    25.3529619783     25.431755495    25.5105498165    25.5893449097     25.668140741    25.7469372764    25.8257344813    25.9045323208    25.9833307597    26.0621297622    26.1409292924    26.2197293139    26.2985297902    26.3773306843    26.4561319589    26.5349335769    26.6137355004    26.6925376918    26.7713401131    26.8501427262    26.9289454928    27.0077483747    27.0865513335    27.1653543307
   17.2440944882    17.3227730828     17.401451715    17.4801304226    17.5588092431     17.637488214    17.7161673728    17.7948467569    17.8735264033    17.9522063491    18.0308866313    18.1095672863    18.1882483506    18.2669298604    18.3456118516    18.4242943597      18.50297742    18.5816610675    18.6603453367    18.7390302618    18.8177158767    18.8964022147    18.9750893087    19.0537771912    19.1324658942    19.2111554491     19.289845887    19.3685372383    19.4472295328    19.5259227998     19.604617068    19.6833123655    19.7620087197    19.8407061574    19.9194047048    19.9981043873    20.0768052298    20.1555072562    20.2342104898    20.3129149534    20.3916206687    20.4703276567    20.5490359379    20.6277455316    20.7064564567    20.7851687309    20.8638823714    20.9425973943    21.0213138151    21.1000316483    21.1787509075    21.2574716055    21.3361937542    21.4149173647    21.4936424471    21.5723690106    21.6510970634    21.7298266131    21.8085576661     21.887290228    21.9660243034    22.0447598961    22.1234970088    22.2022356435    22.2809758009    22.3597174812    22.4384606834    22.5172054057    22.5959516452    22.6746993982    22.7534486602    22.8321994254    22.9109516875    22.9897054389    23.0684606715    23.1472173759    23.2259755421     23.304735159    23.3834962148    23.4622586966    23.5410225907    23.6197878827    23.6985545572    23.7773225979    23.8560919878     23.934862709    24.0136347428    24.0924080697    24.1711826693    24.2499585207     24.328735602    24.4075138906    24.4862933631    24.5650739955    24.6438557631    24.7226386403    24.8014226011    24.8802076185    24.9589936653    25.0377807133    25.1165687338    25.1953576975    25.2741475745    25.3529383345    25.4317299465     25.510522379    25.5893155999    25.6681095769    25.7469042771    25.8256996669    25.9044957127    25.9832923802    26.0620896348    26.1408874417    26.2196857655    26.2984845707    26.3772838214    26.4560834814    26.5348835142    26.6136838834    26.6924845519    26.7712854829    26.8500866391    26.9288879831    27.0076894776     27.086491085    27.1652927678    27.2440944882
   17.3228346457    17.4015145547    17.4801945007    17.5588745203    17.6375546505    17.7162349278    17.7949153891    17.8735960708    17.9522770092    18.0309582407    18.1096398013    18.1883217268    18.2670040529    18.3456868149     18.424370048     18.503053787    18.5817380665    18.6604229206    18.7391083831    18.8177944875     18.896481267    18.9751687541    19.0538569811    19.1325459798    19.2112357815    19.2899264169    19.3686179164    19.4473103098    19.5260036262    19.6046978944    19.6833931424    19.7620893978    19.8407866873    19.9194850371     19.998184473    20.0768850198    20.1555867016    20.2342895422    20.3129935643    20.3916987899    20.4704052406    20.5491129369    20.6278218987     20.706532145    20.7852436942    20.8639565638    20.9426707705    21.0213863301    21.1001032577    21.1788215676     21.257541273    21.3362623865    21.4149849198    21.4937088836    21.5724342878    21.6511611415    21.7298894529     21.808619229    21.8873504765    21.9660832005    22.0448174058    22.1235530959    22.2022902737    22.2810289408    22.3597690983    22.4385107461    22.5172538833    22.5959985081    22.6747446177    22.7534922086    22.8322412761    22.9109918148    22.9897438184    23.0684972796    23.1472521903    23.2260085415    23.3047663231    23.3835255246    23.4622861341    23.5410481392    23.6198115265    23.6985762818    23.7773423901    23.8561098355    23.9348786012    24.0136486698     24.092420023    24.1711926416    24.2499665059    24.3287415952    24.4075178881    24.4862953625    24.5650739955    24.6438537637    24.7226346428    24.8014166079    24.8801996334     24.958983693      25.03776876    25.1165548067    25.1953418052    25.2741297268    25.3529185423    25.4317082218    25.5104987352    25.5892900515    25.6680821394    25.7468749673    25.8256685028    25.9044627133    25.9832575658    26.0620530267    26.1408490622    26.2196456382      26.29844272     26.377240273    26.4560382619    26.5348366514    26.6136354058    26.6924344893    26.7712338658    26.8500334992    26.9288333529    27.0076333905    27.0864335753    27.1652338707    27.2440342397    27.3228346457
   17.4015748031    17.4802560636      17.55893736    17.6376187285    17.7163002051    17.7949818255    17.8736636258    17.9523456415    18.0310279082    18.1097104613    18.1883933362    18.2670765678    18.3457601911    18.4244442405    18.5031287504    18.5818137548    18.6604992876    18.7391853821    18.8178720714    18.8965593883     18.975247365    19.0539360335    19.1326254253    19.2113155714    19.2900065025    19.3686982487    19.4473908396    19.5260843043    19.6047786714    19.6834739689    19.7621702242    19.8408674642    19.9195657152    19.9982650029    20.0769653521    20.1556667873    20.2343693322    20.3130730097    20.3917778423    20.4704838515    20.5491910582    20.6278994826    20.7066091441    20.7853200613    20.8640322522    20.9427457338    21.0214605226    21.1001766339    21.1788940826    21.2576128824    21.3363330466    21.4150545872    21.4937775158    21.5725018428     21.651227578    21.7299547301    21.8086833071    21.8874133162    21.9661447634    22.0448776542     22.123611993    22.2023477834    22.2810850279    22.3598237285     22.438563886    22.5173055003    22.5960485707    22.6747930953    22.7535390714    22.8322864956    22.9110353632    22.9897856691     23.068537407    23.1472905698    23.2260451496    23.3048011375    23.3835585239    23.4623172982     23.541077449     23.619838964    23.6986018303    23.7773660339    23.8561315601    23.9348983934    24.0136665175    24.0924359152    24.1712065687    24.2499784592    24.3287515675    24.4075258732    24.4863013556     24.565077993    24.6438557631    24.7226346428    24.8014146086    24.8801956359    24.9589776999    25.0377607748    25.1165448344    25.1953298519    25.2741157998    25.3529026501    25.4316903742    25.5104789429    25.5892683268    25.6680584956    25.7468494188    25.8256410653    25.9044334035    25.9832264017    26.0620200273    26.1408142478      26.21960903    26.2984043405    26.3772001456    26.4559964112     26.534793103    26.6135901863    26.6923876264    26.7711853882    26.8499834365    26.9287817358    27.0075802506    27.0863789451    27.1651777836      27.24397673    27.3227757486    27.4015748031
   17.4803149606    17.5589976084    17.6376802914    17.7163630448    17.7950459036     17.873728903    17.9524120779    18.0310954632    18.1097790936    18.1884630037    18.2671472279    18.3458318005    18.4245167554    18.5032021265    18.5818879473    18.6605742509    18.7392610705    18.8179484385    18.8966363873    18.9753249489    19.0540141548    19.1327040361    19.2113946238     19.290085948    19.3687780387    19.4474709253    19.5261646367    19.6048592013     19.683554647    19.7622510012    19.8409482907    19.9196465417    19.9983457798    20.0770460302    20.1557473171    20.2344496645    20.3131530954    20.3918576323     20.470563297    20.5492701106    20.6279780935    20.7066872654    20.7853976452    20.8641092512    20.9428221009    21.0215362109    21.1002515973     21.178968275    21.2576862586    21.3364055616    21.4151261967    21.4938481759    21.5725715103    21.6512962102    21.7300222851    21.8087497436    21.8874785934    21.9662088415     22.044940494    22.1236735559    22.2024080318     22.281143925    22.3598812382    22.4386199731    22.5173601305    22.5961017106    22.6748447123    22.7535891341    22.8323349731    22.9110822261    22.9898308886    23.0685809554    23.1473324205     23.226085277     23.304839517     23.383595132    23.4623521126    23.5411104483    23.6198701281    23.6986311401    23.7773934714    23.8561571086    23.9349220372    24.0136882422    24.0924557074    24.1712244164    24.2499943514    24.3287654945    24.4075378265    24.4863113279    24.5650859782    24.6438617562    24.7226386403    24.8014166079    24.8801956359    24.9589757005    25.0377567773    25.1165388413    25.1953218668    25.2741058275    25.3528906968    25.4316764471    25.5104630507    25.5892504791    25.6680387034    25.7468276941    25.8256174215    25.9044078551    25.9831989642    26.0619907176    26.1407830837    26.2195760307    26.2983695261    26.3771635375    26.4559580317    26.5347529756    26.6135483356     26.692344078    26.7711401688    26.8499365737    26.9287332583     27.007530188    27.0863273281    27.1651246437    27.2439220998    27.3227196615    27.4015172934    27.4803149606
   17.5590551181    17.6377391885    17.7164232932    17.7951074665    17.8737917427     17.952476156    18.0311607404      18.10984553    18.1885305587    18.2672158601     18.345901468    18.4245874155     18.503273736    18.5819604623    18.6606476271    18.7393352629    18.8180234018    18.8967120757    18.9754013159    19.0540911538      19.13278162    19.2114727451    19.2901645589    19.3688570911    19.4475503707    19.5262444266    19.6049392869    19.6836349793     19.762331531    19.8410289688    19.9197273187    19.9984266063    20.0771268566    20.1558280941    20.2345303426    20.3132336252    20.3919379646    20.4706433826    20.5493499005    20.6280575389    20.7067663177    20.7854762561    20.8641873725    20.9428996848      21.02161321    21.1003279643    21.1790439634     21.257761222     21.336479754    21.4151995729    21.4939206909    21.5726431198    21.6513668703    21.7300919526    21.8088183759    21.8875461485     21.966275278    22.0450057712     22.123737634    22.2024708715    22.2812054879    22.3599414866    22.4386788702    22.5174176402    22.5961577977    22.6748993426    22.7536422739    22.8323865902    22.9111322887    22.9898793662    23.0686278183      23.14737764    23.2261288254    23.3048813677    23.3836352594    23.4623904921    23.5411470564    23.6199049425    23.6986641394    23.7774246355    23.8561864184    23.9349494748    24.0137137906    24.0924793512     24.171246141    24.2500141437    24.3287833422    24.4075537188    24.4863252549    24.5650979315    24.6438717285    24.7226466255    24.8014226011    24.8801996334    24.9589776999    25.0377567773    25.1165368419    25.1953178693    25.2740998344    25.3528827116    25.4316664748    25.5104510974    25.5892365521    25.6680228112    25.7468098464    25.8255976292    25.9043861304    25.9831753203    26.0619651691    26.1407556462    26.2195467209     26.298338362    26.3771305381    26.4559232173    26.5347163674    26.6135099561    26.6923039506    26.7710983181    26.8498930253    26.9286880388    27.0074833251    27.0862788505     27.165074581    27.2438704828    27.3226665216    27.4014626632    27.4802588735    27.5590551181
   17.6377952756    17.7164808029    17.7951663636    17.8738519911    17.9525377189    18.0312235801    18.1099096081    18.1885958359    18.2672822966     18.345969023    18.4246560477    18.5033434034    18.5820311223    18.6607192365    18.7394077779     18.818096778    18.8967862681    18.9754762793    19.0541668421    19.1328579871    19.2115497441    19.2902421428    19.3689352123    19.4476289816     19.526323479    19.6050187324    19.6837147693    19.7624116167    19.8411093011    19.9198078485    19.9985072844    20.0772076336    20.1559089206    20.2346111691    20.3133144022    20.3920186427    20.4707239125    20.5494302329    20.6281376246    20.7068461077    20.7855557016    20.8642664249    20.9429782957    21.0216913313    21.1004055482    21.1791209624     21.257837589    21.3365554424    21.4152745362    21.4939948834    21.5727164959    21.6514393853    21.7301635621    21.8088890359    21.8876158159    21.9663439102    22.0450733262    22.1238040705    22.2025361488     22.281269566    22.3600043263    22.4387404331    22.5174778887    22.5962166948    22.6749568522    22.7536983611    22.8324412204    22.9111854286    22.9899309832    23.0686778809    23.1474261176    23.2261756882    23.3049265872    23.3836788078    23.4624323428    23.5411871838     23.619943322    23.6987007476    23.7774594499    23.8562194177    23.9349806388    24.0137431004    24.0925067888    24.1712716895    24.2500377875    24.3288050668     24.407573511    24.4863431026    24.5651138237    24.6438856556    24.7226585788    24.8014325734    24.8802076185     24.958983693    25.0377607748    25.1165388413    25.1953178693     25.274097835    25.3528787141    25.4316604817    25.5104431122    25.5892265798    25.6680108578    25.7467959194     25.825581737    25.9043682827    25.9831555281    26.0619434444    26.1407320024    26.2195211724    26.2983109245    26.3771012283    26.4558920532    26.5346833681    26.6134751417    26.6922673425    26.7710599386    26.8498528979    26.9286461881    27.0074397767     27.086233631    27.1650277182    27.2438220052    27.3226164589    27.4014110462    27.4802057336    27.5590004879    27.6377952756
   17.7165354331    17.7952224507    17.8739095008    17.9525966159    18.0312838285     18.109971171    18.1886586756    18.2673463747    18.3460343002    18.4247224842    18.5034109584    18.5820997546     18.660788904     18.739478438    18.8181683874    18.8968587831    18.9755496554    19.0542410346    19.1329329504    19.2116254324    19.2903185098    19.3690122114    19.4477065655    19.5264016003    19.6050973433    19.6837938216    19.7624910622    19.8411890911    19.9198879342    19.9985876167    20.0772881635    20.1559895987     20.234691946    20.3133952287    20.3920994692    20.4708046895     20.549510911    20.6282181545      20.70692644    20.7856357872    20.8643462149    20.9430577412    21.0217703836    21.1004841591    21.1791990837    21.2579151729    21.3366324414    21.4153509033    21.4940705717    21.5727914593    21.6515135778    21.7302369383    21.8089615509    21.8876874254    21.9664145703    22.0451429937    22.1238727028    22.2026037038    22.2813360025    22.3600696036    22.4388045112    22.5175407284    22.5962782577    22.6750171007    22.7537572581    22.8324987301    22.9112415157    22.9899856134    23.0687310208    23.1474777346    23.2262257509    23.3049750648    23.3837256707    23.4624775622    23.5412307322    23.6199851727    23.6987408749    23.7774978294    23.8562560259    23.9350154532    24.0137760997    24.0925379528    24.1713009993     24.250065225    24.3288306153    24.4075971548    24.4863648273    24.5651336159    24.6439035032     24.722674471    24.8014465004    24.8802195719    24.9589936653      25.03776876    25.1165448344    25.1953218668    25.2740998344    25.3528787141    25.4316584823    25.5104391147    25.5892205866    25.6680028727    25.7467859471    25.8255697837    25.9043543557    25.9831396359    26.0619255967    26.1407122102    26.2194994478    26.2982872807    26.3770756799    26.4558646157    26.5346540583    26.6134439776    26.6922343432    26.7710251242    26.8498162897    26.9286078086    27.0073996493    27.0861917803    27.1649841698    27.2437767857    27.3225695961    27.4013625686     27.480155671    27.5589488708    27.6377421357    27.7165354331
   17.7952755906     17.873964131     17.952652703    18.0313413382     18.110030068     18.188718924    18.2674079376    18.3460971399    18.4247865623    18.5034762357     18.582166191     18.660856459    18.7395470702    18.8182380549    18.8969294432    18.9756212649    19.0543135496    19.1330063266    19.2116996249    19.2903934732    19.3690878997    19.4477829326    19.5264785993    19.6051749271    19.6838719429     19.762569673    19.8412681434    19.9199673796    19.9986674067    20.0773682491     20.156069931    20.2347724759    20.3134759068    20.3921802462    20.4708855159    20.5495917374    20.6282989314    20.7070071181    20.7857163171    20.8644265472    20.9431378268    21.0218501736    21.1005636046    21.1792781361    21.2579937838    21.3367105627    21.4154284872    21.4941475708    21.5728678264    21.6515892662    21.7303119016    21.8090357434    21.8877608016    21.9664870853    22.0452146032    22.1239433628    22.2026733713    22.2814046347    22.3601371586    22.4388709476    22.5176060056    22.5963423358    22.6750799404    22.7538188211    22.8325589785    22.9113004128    22.9900431231    23.0687871079    23.1475323648    23.2262788908    23.3050266818    23.3837757333    23.4625260398    23.5412775951    23.6200303922    23.6987844233    23.7775396801    23.8562961532    23.9350538327    24.0138127079    24.0925727672    24.1713339986    24.2500963891    24.3288599251    24.4076245923    24.4863903758    24.5651572597    24.6439252279    24.7226942632    24.8014643481    24.8802354641    24.9590075923    25.0377807133    25.1165548067    25.1953298519    25.2741058275    25.3528827116    25.4316604817    25.5104391147    25.5892185873    25.6679988752     25.746779954    25.8255617985    25.9043443834    25.9831276826    26.0619116697    26.1406963179    26.2194816001    26.2982674885    26.3770539552    26.4558409719    26.5346285098    26.6134165401    26.6922050334    26.7709939601    26.8497832904    26.9285729942    27.0073630412    27.0861534008    27.1649440424     27.243734935    27.3225260476    27.4013173491    27.4801088081    27.5589003932    27.6376920731     27.716483816    27.7952755906
    17.874015748    17.9527058429    18.0313959684    18.1100861551    18.1887764337    18.2674668346    18.3461573883    18.4248481252    18.5035390754    18.5822302691    18.6609217363    18.7396135067    18.8183056099    18.8969980754    18.9756909323    19.0543842097     19.133077936    19.2117721399    19.2904668493    19.3691620922    19.4478578959    19.5265542876    19.6052512942     19.683948942    19.7626472569    19.8413462647    19.9200459905     19.998746459    20.0774476946     20.156149721    20.2348525616    20.3135562391     20.392260776     20.470966194    20.5496725144    20.6283797579    20.7070879446    20.7857970941    20.8645072253    20.9432183567    21.0219305059    21.1006436902    21.1793579261    21.2580732293    21.3367896151    21.4155070981    21.4942256921    21.5729454103    21.6516662652    21.7303882687    21.8091114318    21.8878357649    21.9665612778    22.0452879794    22.1240158778    22.2027449807    22.2814752948    22.3602068261    22.4389395799    22.5176735607    22.5964087723    22.6751452177    22.7538828992    22.8326218183    22.9113619757    22.9901033716     23.068846005    23.1475898745    23.2263349779     23.305081312    23.3838288732    23.4625776568    23.5413276577    23.6200788697    23.6988312862    23.7775848996    23.8563397016    23.9350956834    24.0138528353    24.0926111467    24.1713706068    24.2501312035    24.3288929244    24.4076557564    24.4864196855    24.5651846973    24.6439507764     24.722717907    24.8014860727    24.8802552563      24.95902544    25.0377966055    25.1165687338    25.1953418052    25.2741157998    25.3528906968    25.4316664748    25.5104431122    25.5892205866    25.6679988752    25.7467779546     25.825557801    25.9043383902    25.9831196974    26.0619016974    26.1406843646     26.219467673    26.2982515963    26.3770361075    26.4558211796    26.5346067852    26.6133928963    26.6921794849    26.7709665226    26.8497539806    26.9285418301    27.0073300418    27.0861185864    27.1649074342    27.2436965555    27.3224859203    27.4012754984    27.4800652597    27.5588551738    27.6376452102    27.7164353384    27.7952255279     27.874015748
   17.9527559055    18.0314475854     18.110139295    18.1888310639    18.2675229217     18.346214898    18.4249070222    18.5035993238     18.582291832     18.660984576    18.7396775847    18.8183708871    18.8970645119    18.9757584874    19.0544528419    19.1331476035       19.2118428    19.2905384588    19.3692346072    19.4479312721    19.5266284801    19.6053262575    19.6840246303     19.762723624    19.8414232638    19.9201235744    19.9988245803    20.0775263055    20.1562287733     20.234932007    20.3136360291    20.3923408617    20.4710465264    20.5497530443     20.628460436    20.7071687216    20.7858779205    20.8645880518    20.9432991337    21.0220111841    21.1007242201    21.1794382584    21.2581533149    21.3368694051    21.4155865435    21.4943047444    21.5730240212    21.6517443865    21.7304658526    21.8091884308     21.887912132    21.9666369662    22.0453629427    22.1240900703    22.2028183569    22.2815478098    22.3602784356      22.43901024    22.5177432282    22.5964774045    22.6752127727    22.7539493356    22.8326870955    22.9114260538    22.9901662113    23.0689075679     23.147650123     23.226393875    23.3051388217    23.3838849603    23.4626322871    23.5413807976    23.6201304868    23.6988813488    23.7776333772    23.8563865645    23.9351409029    24.0138963837    24.0926529974    24.1714107341     24.250169583    24.3289295326    24.4076905708    24.4864526849    24.5652158614    24.6439800862    24.7227453446    24.8015116212    24.8802789001    24.9590471647    25.0378163977    25.1165865815    25.1953576975    25.2741297268    25.3529026501    25.4316764471    25.5104510974    25.5892265798    25.6680028727     25.746779954     25.825557801    25.9043363909    25.9831156999    26.0618957042    26.1406763794    26.2194577007    26.2982396429    26.3770221805    26.4558052874    26.5345889375    26.6133731041    26.6921577602    26.7709428788    26.8497284321    26.9285143926     27.007300732    27.0860874223    27.1648744349    27.2436617411    27.3224493121    27.4012371189    27.4800251323    27.5588133231    27.6376016618     27.716390119    27.7951786651    27.8739672704    27.9527559055
    18.031496063    18.1101893576    18.1888826809    18.2675760616    18.3462695282    18.4249631093    18.5036568335    18.5823507291    18.6610448244    18.7397391476    18.8184337268    18.8971285899    18.9758237646    19.0545192783    19.1332151585    19.2119114322    19.2906081262    19.3693052672    19.4480028815    19.5267009951    19.6053996337    19.6840988228    19.7627985873    19.8414989521    19.9201999415    19.9989015794    20.0776038894    20.1563068946    20.2350106179    20.3137150814    20.3924203071    20.4711263163    20.5498331299    20.6285407683    20.7072492514    20.7859585986    20.8646688288    20.9433799601    21.0220920105    21.1008049971    21.1795189365    21.2582338448    21.3369497374    21.4156666292    21.4943845344    21.5731034666    21.6518234389    21.7305444635    21.8092665521    21.8879897159    21.9667139652    22.0454393098    22.1241657587    22.2028933203    22.2816220023    22.3603518118     22.439082755    22.5178148376    22.5965480646    22.6752824402    22.7540179679    22.8327546505    22.9114924903    22.9902314885     23.068971646    23.1477129627    23.2264554379    23.3051990702    23.3839438574    23.4626897968    23.5414368847     23.620185117    23.6989344887    23.7776849942    23.8564366271    23.9351893805    24.0139432465    24.0926982169    24.1714542825    24.2502114337      24.32896966    24.4077289503     24.486489293    24.5652506758    24.6440130855    24.7227765087     24.801540931    24.8803063376    24.9590727132    25.0378400415    25.1166083061    25.1953774897    25.2741475745    25.3529185423    25.4316903742    25.5104630507    25.5892365521    25.6680108578    25.7467859471    25.8255617985    25.9043383902    25.9831156999    26.0618937049     26.140672382    26.2194517076    26.2982316578    26.3770122082    26.4557933341    26.5345750105    26.6133572118    26.6921399125    26.7709230865    26.8497067075    26.9284907488    27.0072751836    27.0860599848    27.1648451251     27.243630577    27.3224163128    27.4012023045    27.4799885242    27.5587749436    27.6375615344    27.7163482683    27.7951351166     27.873922051    27.9527090426     28.031496063
   18.1102362205    18.1889311585    18.2676261242    18.3463211452    18.4250162492    18.5037114637    18.5824068161    18.6611023341    18.7397980447    18.8184939753    18.8971901528    18.9758866043    19.0545833564    19.1332804357    19.2119778686    19.2906756812    19.3693738995     19.448072549    19.5267716552    19.6054712431    19.6841713378    19.7628719635    19.8415731446    19.9202749048    19.9989772677    20.0776802564    20.1563838937    20.2350882018    20.3137932027     20.392498918    20.4712053687    20.5499125754    20.6286205583    20.7073293371     20.786038931    20.8647493586    20.9434606382    21.0221727875    21.1008858235     21.179599763    21.2583146218    21.3370304155    21.4157471591    21.4944648668    21.5731835523    21.6519032288    21.7306239089    21.8093456045    21.8880683268    21.9667920865    22.0455168937    22.1242427577    22.2029696874    22.2816976907    22.3604267751    22.4391569475    22.5178882138    22.5966205796    22.6753540496     22.754088628     22.832824318    22.9115611226    22.9902990436    23.0690380825      23.14777824     23.226519516    23.3052619099    23.3840054203    23.4627500452    23.5414957818    23.6202426267    23.6989905759    23.7777396244     23.856489767    23.9352409975    24.0139933092    24.0927466945    24.1715011454    24.2502566531    24.3290132084     24.407770801    24.4865294204    24.5652890553    24.6440496937    24.7228113231    24.8015739303    24.8803375017     24.959102023    25.0378674791    25.1166338546    25.1954011335    25.2741692992    25.3529383345    25.4317082218    25.5104789429    25.5892504791    25.6680228112    25.7467959194    25.8255697837    25.9043443834    25.9831196974    26.0618957042     26.140672382    26.2194497082    26.2982276603     26.377006215    26.4557853489    26.5345650382    26.6133452585    26.6921259855    26.7709071943    26.8496888598    26.9284709565    27.0072534589     27.086036341    27.1648195766    27.2436031395     27.322387003    27.4011711404    27.4799555248    27.5587401292    27.6375249263    27.7163098888    27.7950949893    27.8738802003    27.9526654942    28.0314508435    28.1102362205
    18.188976378     18.267672987    18.3463696228    18.4250663118    18.5037630807     18.582459956    18.6611569643    18.7398541318    18.8185514849    18.8972490499    18.9759468527    19.0546449193    19.1333432755    19.2120419467    19.2907409585    19.3694403359     19.448140104    19.5268402874    19.6055409106    19.6842419978    19.7629435729    19.8416456596     19.920348281    19.9990514602    20.0777552198     20.156459582    20.2351645688    20.3138702018    20.3925765019      20.47128349    20.5499911863    20.6286996107    20.7074087826    20.7861187209    20.8648294443    20.9435409706    21.0222533174    21.1009665017      21.17968054    21.2583954483     21.337111242    21.4158279361    21.4945455449    21.5732640822    21.6519835612    21.7307039946    21.8094253945    21.8881477723    21.9668711389    22.0455955046     22.124320879    22.2030472713    22.2817746897    22.3605031422    22.4392326358    22.5179631772    22.5966947721    22.6754274258     22.754161143    22.8328959275    22.9116317826    22.9903687111    23.0691067147     23.147845795    23.2265859525    23.3053271872    23.3840694984    23.4628128849    23.5415573447    23.6203028752    23.6990494729    23.7777971341    23.8565458542    23.9352956278    24.0140464491    24.0927983115     24.171551208    24.2503051307    24.3290600712    24.4078160205    24.4865729688    24.5653309059     24.644089821    24.7228497026    24.8016105385    24.8803723161    24.9591350223    25.0378986432    25.1166631644     25.195428571    25.2741948477    25.3529619783    25.4317299465    25.5104987352    25.5892683268    25.6680387034    25.7468098464     25.825581737    25.9043543557    25.9831276826    26.0619016974    26.1406763794    26.2194517076    26.2982276603    26.3770042157    26.4557813515     26.534559045    26.6133372734    26.6921160132     26.770895241    26.8496749327    26.9284550643    27.0072356112    27.0860165488     27.164797852    27.2435794957    27.3223614545    27.4011437029    27.4799262151    27.5587089651    27.6374919269    27.7162750744    27.7950583811    27.8738418208    27.9526253669    28.0314089928    28.1101926721     28.188976378
   18.2677165354    18.3464148422    18.4251131747    18.5038115583    18.5825100186    18.6612085813    18.7399072717    18.8186061151     18.897305137    18.9760043624    19.0547038164    19.1334035239    19.2121035096    19.2908037982     19.369504414    19.4482053812    19.5269067239    19.6056084656    19.6843106301    19.7630132404    19.8417163196    19.9204198904    19.9991239752    20.0778285959    20.1565337745    20.2352395322    20.3139458901     20.392652869     20.471360489    20.5500687702     20.628777732    20.7074873934    20.7861977733    20.8649088897    20.9436207605     21.022333403     21.101046834    21.1797610698    21.2584761264     21.337192019    21.4159087625    21.4946263713    21.5733448592    21.6520642393    21.7307845245    21.8095057268    21.8882278579    21.9669509289    22.0456749501    22.1243999314    22.2031258822     22.281852811    22.3605807261    22.4393096349    22.5180395442    22.5967704605    22.6755023892    22.7542353355    22.8329693037    22.9117042977    22.9904403205    23.0691773748    23.1479154625    23.2266545847    23.3053947422    23.3841359349    23.4628781622    23.5416214228    23.6203657149    23.6991110359    23.7778573826    23.8566047512    23.9353531375    24.0141025362    24.0928529418    24.1716043479    24.2503567478    24.3291101339    24.4078644981    24.4866198317    24.5653761254    24.6441333694    24.7228915533    24.8016506659    24.8804106956    24.9591716304    25.0379334576    25.1166961637    25.1954597351    25.2742241575    25.3529894159     25.431755495     25.510522379    25.5892900515    25.6680584956    25.7468276941    25.8255976292    25.9043682827    25.9831396359    26.0619116697    26.1406843646    26.2194577007    26.2982316578     26.377006215    26.4557813515    26.5345570457    26.6133332759    26.6921100201    26.7708872558    26.8496649604     26.928443111    27.0072216842    27.0860006565    27.1647800043    27.2435597035    27.3223397299    27.4011200591    27.4799006666    27.5586815276    27.6374626171    27.7162439103    27.7950253818    27.8738070064    27.9525887587    28.0313706133    28.1101525447    28.1889345273    28.2677165354
   18.3464566929     18.425156723    18.5038567777    18.5825568815    18.6612570588    18.7399573343    18.8186577322    18.8973582769    18.9760589926    19.0547599035    19.1334610335    19.2121624067    19.2908640466    19.3695659769    19.4482682209    19.5269708019    19.6056737429    19.6843770665    19.7630807954    19.8417849519    19.9204895579    19.9991946352    20.0779002054    20.1566062895    20.2353129084    20.3140200826    20.3927278323    20.4714361774    20.5501451372     20.628854731    20.7075649773    20.7862758946    20.8649875006    20.9436998129    21.0224128485     21.101126624    21.1798411555    21.2585564587    21.3372725488    21.4159894406    21.4947071483    21.5734256856    21.6521450658    21.7308653015    21.8095864049    21.8883083878    21.9670312612    22.0457550357    22.1244797214    22.2032053276    22.2819318634     22.360659337    22.4393877562    22.5181171282    22.5968474595    22.6755787563    22.7543110238     22.833044267    22.9117784901    22.9905136967    23.0692498899    23.1479870719    23.2267252448    23.3054644097    23.3842045672    23.4629457172    23.5416878593    23.6204309921     23.699175114    23.7779202223    23.8566663142    23.9354133859    24.0141614333    24.0929104515     24.171660435     24.250411378    24.3291632738    24.4079161151    24.4866698943     24.565424603    24.6441802323    24.7229367727    24.8016942143    24.8804525463    24.9592117578    25.0379718371    25.1167327719    25.1954945495    25.2742571568      25.35302058    25.4317848048    25.5105498165    25.5893155999    25.6680821394    25.7468494188    25.8256174215    25.9043861304    25.9831555281    26.0619255967    26.1406963179     26.219467673    26.2982396429    26.3770122082    26.4557853489     26.534559045    26.6133332759    26.6921080207    26.7708832583    26.8496589673    26.9284351258    27.0072117119    27.0859887032    27.1647660772    27.2435438112    27.3223218822    27.4011002669    27.4798789419    27.5586578837    27.6374370687    27.7162164727     27.794996072    27.8737758423    27.9525557594    28.0313357989    28.1101159365    28.1888961477    28.2676764081    28.3464566929
   18.4251968504    18.5038986284    18.5826004299    18.6613022783    18.7400041971    18.8187062097    18.8974083395    18.9761106096    19.0548130434    19.1335156638    19.2122184938    19.2909215563     19.369624874    19.4483284694    19.5270323648    19.6057365826    19.6844411446    19.7631460727    19.8418513883    19.9205571129    19.9992632675    20.0779698728    20.1566769495    20.2353845178    20.3140925976    20.3928012085    20.4715103698    20.5502201006    20.6289304193    20.7076413444    20.7863528936    20.8650650845    20.9437779342    21.0224914594    21.1012056763     21.179920601    21.2586362487    21.3373526345     21.416069773    21.4947876782    21.5735063637    21.6522258428    21.7309461279    21.8096672314    21.8883891648    21.9671119393    22.0458355656    22.1245600537    22.2032854133    22.2820116534    22.3607387825    22.4394668086     22.518195739    22.5969255808    22.6756563402    22.7543880229    22.8331206341    22.9118541785    22.9905886601    23.0693240823    23.1480604481    23.2267977598    23.3055360191    23.3842752272    23.4630153847    23.5417564916    23.6204985472    23.6992415504    23.7779854996    23.8567303923    23.9354762256    24.0142229962    24.0929706999    24.1717193321    24.2504688877    24.3292193609    24.4079707453    24.4867230342    24.5654762201    24.6442302949    24.7229852503    24.8017410771    24.8804977658    24.9592553062    25.0380136878    25.1167728992     25.195532929    25.2742937649    25.3530553943    25.4318178041    25.5105809806    25.5893449097    25.6681095769    25.7468749673    25.8256410653    25.9044078551    25.9831753203    26.0619434444    26.1407122102    26.2194816001    26.2982515963    26.3770221805    26.4557933341    26.5345650382    26.6133372734    26.6921100201    26.7708832583    26.8496569679    26.9284311283    27.0072057187     27.085980718     27.164756105    27.2435318579    27.3223079551    27.4010843746    27.4798610942    27.5586380915     27.637415344    27.7161928289    27.7949705235    27.8737484048    27.9525264496    28.0313046348    28.1100829372    28.1888613334    28.2676397999    28.3464183134    28.4251968504
   18.5039370079    18.5826405572     18.661344129    18.7400477455    18.8187514292    18.8974552023    18.9761590872     19.054863106    19.1335672808    19.2122716337    19.2909761865    19.3696809611     19.448385979    19.5270912619     19.605796831    19.6845027075    19.7632089124    19.8419154664    19.9206223901    19.9993297039    20.0780374279    20.1567455818    20.2354541853    20.3141632577    20.3928728179    20.4715828848    20.5502934768    20.6290046118    20.7077163077     20.786428582    20.8651414516    20.9438549332    21.0225690433    21.1012837976    21.1799992118     21.258715301      21.33743208     21.416149563    21.4948677638    21.5735866961    21.6523063726     21.731026806    21.8097480084    21.8884699913    21.9671927658    22.0459163426    22.1246407319    22.2033659432    22.2820919857    22.3608188681    22.4395465985    22.5182751845    22.5970046332    22.6757349511    22.7544661442     22.833198218    22.9119311776    22.9906650272    23.0693997707    23.1481354115    23.2268719523    23.3056093953    23.3843477423    23.4630869942    23.5418271517    23.6205682147    23.6993101827    23.7780530546    23.8567968287    23.9355415029    24.0142870743    24.0930335396     24.171780895    24.2505291361     24.329278258     24.408028255    24.4867791213    24.5655308503    24.6442834348    24.7230368674    24.8017911398    24.8805462434    24.9593021691    25.0380589072    25.1168164476    25.1955747797    25.2743338923    25.3530937739    25.4318544123     25.510615795    25.5893779091     25.668140741    25.7469042771    25.8256685028    25.9044334035    25.9831989642    26.0619651691    26.1407320024    26.2194994478    26.2982674885    26.3770361075    26.4558052874    26.5345750105    26.6133452585    26.6921160132    26.7708872558    26.8496589673    26.9284311283    27.0072037194    27.0859767206    27.1647501118    27.2435238727    27.3222979828    27.4010724213    27.4798471672    27.5586221993    27.6373974963    27.7161730367    27.7949487989     27.873724761    27.9525009011    28.0312771973    28.1100536274    28.1888301693    28.2676068006     28.346383499    28.4251602422    28.5039370079
   18.5826771654    18.6613825085    18.7400878729    18.8187932799    18.8974987507    18.9762043066    19.0549099688    19.1336157583    19.2123216963    19.2910278035    19.3697341009    19.4484406092     19.527147349    19.6058543407    19.6845616046    19.7632691608    19.8419770293    19.9206852299     19.999393782    20.0781027051    20.1568120182    20.2355217403    20.3142318899    20.3929424854    20.4716535449    20.5503650862    20.6290771268    20.7077896839    20.7865027744    20.8652164149    20.9439306216    21.0226454103    21.1013607967    21.1800767957    21.2587934223    21.3375106909    21.4162286153    21.4949472093     21.573666486    21.6523864583    21.7311071384    21.8098285383    21.8885506694    21.9672735428    22.0459971691    22.1247215583    22.2034467202    22.2821726638     22.360899398    22.4396269309    22.5183552702    22.5970844232    22.6758143966    22.7545451966    22.8332768289    22.9120092989    22.9907426111    23.0694767698    23.1482117786    23.2269476407    23.3056843587    23.3844219347    23.4631603704    23.5418996667    23.6206398241    23.6993808428    23.7781227221     23.856865461    23.9356090579    24.0143535108    24.0930988169    24.1718449732    24.2505919759    24.3293398209    24.4080885035    24.4868380184      24.56558836    24.6443395219    24.7230914976    24.8018442797    24.8805978604    24.9593522317    25.0381073848    25.1168633105    25.1956199992    25.2743774407    25.3531356245    25.4318945396    25.5106541745    25.5894145172    25.6681755554    25.7469372764    25.8256996669    25.9044627133    25.9832264017    26.0619907176    26.1407556462    26.2195211724    26.2982872807    26.3770539552    26.4558211796    26.5345889375    26.6133572118    26.6921259855     26.770895241    26.8496649604    26.9284351258    27.0072057187    27.0859767206    27.1647481124    27.2435198753    27.3222919897    27.4010644361    27.4798371949     27.558610246    27.6373835693    27.7161571445    27.7949309512    27.8737049687    27.9524791765    28.0312535535    28.1100280789    28.1888027317    28.2675774908    28.3463523349    28.4251272429    28.5039021935    28.5826771654
   18.6614173228     18.740124481    18.8188316593    18.8975388781    18.9762461573    19.0549535172    19.1336609778    19.2123685591    19.2910762811    19.3697841636    19.4484922263    19.5272004889    19.6059089709    19.6846176917    19.7633266705    19.8420359264    19.9207454783    19.9994553449    20.0781655448    20.1568760963    20.2355870175    20.3142983263    20.3930100404    20.4717221771    20.5504347537    20.6291477869    20.7078612934    20.7865752894    20.8652897911    20.9440048141    21.0227203737     21.101436485    21.1801531628    21.2588704214    21.3375882748    21.4163067366    21.4950258202    21.5737455384    21.6524659038    21.7311869284    21.8099086239    21.8886310017    21.9673540727    22.0460778472    22.1248023353    22.2035275466    22.2822534903     22.360980175     22.439707609    22.5184358001    22.5971647555    22.6758944822    22.7546249865    22.8333562744    22.9120883512     22.990821222    23.0695548911    23.1482893625    23.2270246397    23.3057607258    23.3844976231    23.4632353337    23.5419738591    23.6207132003    23.6994533578    23.7781943316    23.8569361211    23.9356787254     24.014422143    24.0931663719    24.1719114096    24.2506572531     24.329403899    24.4081513432    24.4868995813    24.5656486084     24.644398419    24.7231490073    24.8019003668    24.8806524907    24.9594053716    25.0381590019    25.1169133731    25.1956684768    25.2744243036     25.353180844     25.431938088    25.5106960252    25.5894546446    25.6682139349    25.7469738845    25.8257344813    25.9044957127    25.9832575658    26.0620200273    26.1407830837    26.2195467209    26.2983109245    26.3770756799    26.4558409719    26.5346067852    26.6133731041    26.6921399125    26.7709071943    26.8496749327     26.928443111    27.0072117119     27.085980718    27.1647501118    27.2435198753    27.3222899903    27.4010604387    27.4798312017    27.5586022608     27.637373597    27.7161451912    27.7949170241    27.8736890765    27.9524613288    28.0312337613    28.1100063543    28.1887790879    28.2675519423    28.3463248974    28.4250979331    28.5038710294     28.582644166    28.6614173228
   18.7401574803    18.8188664737    18.8975754862    18.9762845368    19.0549936446    19.1337028285    19.2124121075    19.2911215005    19.3698310264    19.4485407038    19.5272505515    19.6059605879    19.6846708315    19.7633813007    19.8420920135     19.920802988     19.999514242    20.0782257932    20.1569376592    20.2356498572    20.3143624044    20.3930753177    20.4717886136    20.5505023087    20.6292164191    20.7079309608    20.7866459495    20.8653614005    20.9440773291    21.0227937499    21.1015106775    21.1802281261    21.2589461097    21.3376646418    21.4163837357    21.4951034041    21.5738236597    21.6525445146    21.7312659807    21.8099880694    21.8887107917    21.9674341583    22.0461581795    22.1248828652    22.2036082248    22.2823342673    22.3610610015    22.4397884355    22.5185165771    22.5972454336    22.6759750121    22.7547053189    22.8334363601    22.9121681412    22.9909006675    23.0696339434    23.1483679734     23.227102761    23.3058383097    23.3845746222    23.4633117008    23.5420495475    23.6207881637    23.6995275503    23.7782677078    23.8570086361    23.9357503349    24.0144928031    24.0932360394    24.1719800419    24.2507248082    24.3294703355    24.4082166205    24.4869636594    24.5657114482     24.644459982    24.7232092557    24.8019592639    24.8807100004    24.9594614587    25.0382136321     25.116966513    25.1957200938    25.2744743662    25.3532293216    25.4319849509    25.5107412447     25.589498193    25.6682557856    25.7470140119    25.8257728608    25.9045323208    25.9832923802    26.0620530267    26.1408142478    26.2195760307     26.298338362    26.3771012283    26.4558646157    26.5346285098    26.6133928963    26.6921577602    26.7709230865    26.8496888598    26.9284550643    27.0072216842    27.0859887032     27.164756105    27.2435238727    27.3222919897    27.4010604387    27.4798292024    27.5585982633    27.6373676038     27.716137206    27.7949070518    27.8736771232    27.9524474017     28.031217869    28.1099885066    28.1887592957    28.2675302176    28.3463012536    28.4250723846    28.5038435919    28.5826148562    28.6613861587    28.7401574803
   18.8188976378    18.8976084855    18.9763193512    19.0550302527     19.133741208    19.2124522349    19.2911633512    19.3698745748    19.4485859233    19.5272974143    19.6060090655    19.6847208942    19.7634329177    19.8421451533    19.9208576182    19.9995703291    20.0782833029    20.1569965563    20.2357101057    20.3144239673    20.3931381574    20.4718526917    20.5505675859    20.6292828556    20.7079985159    20.7867145818     20.865431068    20.9441479891    21.0228653593    21.1015831925    21.1803015023    21.2590203022    21.3377396052     21.416459424    21.4951797712    21.5739006587    21.6526220985     21.731344102    21.8100666803    21.8887898441    21.9675136038    22.0462379695    22.1249629508    22.2036885571    22.2824147972    22.3611416796    22.4398692125    22.5185974035    22.5973262601    22.6760557891     22.754785997      22.83351689    22.9122484736    22.9909807531    23.0697137334    23.1484474189    23.2271818134    23.3059169206    23.3846527435    23.4633892847    23.5421265466    23.6208645308    23.6996032387    23.7783426711    23.8570828286    23.9358237111    24.0145653181    24.0933076489     24.172050702    24.2507944757    24.3295389677    24.4082841755    24.4870300959    24.5657767254    24.6445240601    24.7232720955    24.8020208268    24.8807702488    24.9595203558    25.0382711418    25.1170226002     25.195774724    25.2745275061    25.3532809387    25.4320350135    25.5107897222    25.5895450559    25.6683010051    25.7470575603    25.8258147115    25.9045724482    25.9833307597    26.0620896348    26.1408490622      26.21960903    26.2983695261    26.3771305381    26.4558920532    26.5346540583    26.6134165401    26.6921794849    26.7709428788    26.8497067075    26.9284709565    27.0072356112    27.0860006565    27.1647660772    27.2435318579    27.3222979828    27.4010644361    27.4798312017    27.5585982633    27.6373656045    27.7161332085    27.7949010587     27.873669138    27.9524374294    28.0312059157    28.1099745796    28.1887434035      28.26751237    28.3462814614      28.42505066    28.5038199481    28.5825893078    28.6613587212    28.7401281705    28.8188976378
   18.8976377953    18.9763505152     19.055063252    19.1337760223     19.212488843    19.2912017307    19.3699147021     19.448627774    19.5273409627    19.6060542849     19.684767757    19.7634813953     19.842195216    19.9209092352     19.999623469    20.0783379331    20.1570526434    20.2357676153    20.3144828644    20.3931984058    20.4719142546    20.5506304256    20.6293469337    20.7080637931    20.7867810182     20.865498623    20.9442166214    21.0229350268    21.1016538526    21.1803731118    21.2590928172    21.3378129814    21.4165336165    21.4952547345    21.5739763471    21.6526984656    21.7314211011    21.8101442642    21.8888679654    21.9675922147    22.0463170219    22.1250423963    22.2037683471    22.2824948828    22.3612220119    22.4399497423    22.5186780816    22.5974070371    22.6761366156    22.7548668235     22.833597667    22.9123291517     22.991061283    23.0697940658    23.1485275045    23.2272616034    23.3059963661    23.3847317958    23.4634678956    23.5422046679    23.6209421147    23.6996802377    23.7784190382     23.857158517    23.9358986744    24.0146395106    24.0933810251     24.172123217    24.2508660851    24.3296096278     24.408353843    24.4870987282    24.5658442805    24.6445904965    24.7233373727    24.8020849049    24.8808330885    24.9595819188    25.0383313902    25.1170814972    25.1958322337    25.2745835932    25.3533355689    25.4320881534    25.5108413393    25.5895951185    25.6683494827    25.7471044232     25.825859931    25.9046159966    25.9833726104    26.0621297622    26.1408874417    26.2196456382    26.2984043405    26.3771635375    26.4559232173    26.5346833681    26.6134439776    26.6922050334    26.7709665226    26.8497284321    26.9284907488    27.0072534589    27.0860165488    27.1647800043    27.2435438112    27.3223079551    27.4010724213    27.4798371949    27.5586022608    27.6373676038    27.7161332085    27.7948990593    27.8736651405    27.9524314363    28.0311979306    28.1099646073    28.1887314502    28.2674984429    28.3462655691    28.4250328123    28.5038001558    28.5825675831    28.6613350774    28.7401026221    28.8188702003    28.8976377953
   18.9763779528    19.0550925618    19.1338071864    19.2125218423    19.2912365451    19.3699513103    19.4486661534    19.5273810901    19.6060961356    19.6848113054    19.7635266147    19.8422420788    19.9209577128    19.9996735316    20.0783895502    20.1571057833    20.2358222455    20.3145389515    20.3932559155    20.4719731516    20.5506906741    20.6294084966    20.7081266328    20.7868450963    20.8655639003    20.9442830578    21.0230025818    21.1017224848    21.1804427792    21.2591634773    21.3378845908    21.4166061315    21.4953281107    21.5740505396     21.652773429    21.7314967894    21.8102206312    21.8889449644    21.9676697986    22.0463951432    22.1251210072    22.2038473994    22.2825743283    22.3613018019     22.440029828     22.518758414     22.597487567    22.6762172937    22.7549476005    22.8336784934    22.9124099782      22.99114206    23.0698747439    23.1486080344    23.2273419358    23.3060764517    23.3848115858    23.4635473411    23.5422837203    23.6210207256     23.699758359    23.7784966221     23.857235516    23.9359750415     24.014715199    24.0934559884    24.1721974095    24.2509394613    24.3296821428    24.4084254525    24.4871693883    24.5659139479    24.6446591288    24.7234049278    24.8021513414    24.8808983658    24.9596459969      25.03839423    25.1171430602    25.1958924822    25.2746424903    25.3533930786    25.4321442406    25.5108959695    25.5896482584    25.6684010997    25.7471544858    25.8259084085    25.9046628595    25.9834178298    26.0621733106    26.1409292924    26.2196857655      26.29844272    26.3772001456    26.4559580317    26.5347163674    26.6134751417    26.6922343432    26.7709939601    26.8497539806    26.9285143926    27.0072751836     27.086036341     27.164797852    27.2435597035    27.3223218822    27.4010843746    27.4798471672     27.558610246     27.637373597     27.716137206    27.7949010587    27.8736651405    27.9524294369    28.0311939331    28.1099586141     28.188723465    28.2674884706    28.3462536158    28.4250188853    28.5037842636    28.5825497354    28.6613152852    28.7400808974    28.8188465565    28.8976122468    28.9763779528
   19.0551181102    19.1338346239    19.2125511521    19.2912677092    19.3699843096    19.4487009678    19.5274176982    19.6061345151    19.6848514327    19.7635684654    19.8422856272    19.9210029322    19.9997203944    20.0784380277    20.1571558459    20.2358738626    20.3145920914    20.3933105457    20.4720292387    20.5507481837    20.6294673936    20.7081868812    20.7869066592      20.86562674    20.9443471359     21.023067859    21.1017889213    21.1805103343    21.2592321095    21.3379542583    21.4166767916    21.4953997201    21.5741230546    21.6528468051    21.7315709819    21.8102955946    21.8890206528    21.9677461657    22.0464721422    22.1251985911    22.2039255207    22.2826529392    22.3613808543    22.4401092735     22.518838204    22.5975676526     22.676297626    22.7550281303    22.8337591715    22.9124907552    22.9912228865    23.0699555704    23.1486888114    23.2274226139    23.3061569816    23.3848919182    23.4636274268    23.5423635102    23.6211001711    23.6998374114     23.778575233    23.8573136373    23.9360526254    24.0147921981    24.0935323555    24.1722730979    24.2510144247    24.3297563353    24.4084988287    24.4872419033    24.5659855574    24.6447297889    24.7234745953    24.8022199736    24.8809659208    24.9597124333    25.0384595072    25.1172071383    25.1959553219    25.2747040533     25.353453327    25.4322031376    25.5109534792    25.5897043455      25.66845573    25.7472076257    25.8259600256    25.9047129221    25.9834663074    26.0622201735    26.1409745119    26.2197293139    26.2984845707     26.377240273    26.4559964112    26.5347529756    26.6135099561    26.6922673425    26.7710251242    26.8497832904    26.9285418301     27.007300732    27.0860599848    27.1648195766    27.2435794957    27.3223397299    27.4011002669    27.4798610942    27.5586221993    27.6373835693    27.7161451912    27.7949070518     27.873669138    27.9524314363    28.0311939331    28.1099566147    28.1887194675    28.2674824775    28.3462456306     28.425008913    28.5037723103    28.5825358084     28.661299393    28.7400630497    28.8188267642    28.8975905221    28.9763543089    29.0551181102
   19.1338582677    19.2125767005    19.2912951467    19.3700136194    19.4487321319    19.5274506975    19.6061693295    19.6848880409    19.7636068449    19.8423257545    19.9210447829    19.9997639428    20.0784832472    20.1572027087    20.2359223401     20.314642154    20.3933621627    20.4720823786    20.5508028139    20.6295234807    20.7082443909    20.7869655563    20.8656869884    20.9444086988    21.0231306988    21.1018529993    21.1805756115     21.259298546    21.3380218133    21.4167454238    21.4954693876    21.5741937147    21.6529184146    21.7316434969    21.8103689708    21.8890948452     21.967821129    22.0465478306    22.1252749582    22.2040025198    22.2827305231    22.3614589756    22.4401878844    22.5189172563    22.5976470981     22.676377416     22.755108216    22.8338395039     22.912571285    22.9913035646    23.0700363474    23.1487696379    23.2275034403    23.3062377586    23.3849725963    23.4637079567    23.5424438426    23.6211802567    23.6999172014    23.7786546785    23.8573926897    23.9361312363    24.0148703194    24.0936099394    24.1723500969    24.2510907918    24.3298320237     24.408573792    24.4873160958    24.5660589336    24.6448023039    24.7235462047    24.8022906337    24.8810355883    24.9597810656    25.0385270623    25.1172735748    25.1960205992    25.2747681314    25.3535161668    25.4322647006    25.5110137277    25.5897632426    25.6685132397    25.7472637128    25.8260146558     25.904766062    25.9835179245    26.0622702361    26.1410229895    26.2197761768    26.2985297902    26.3772838214    26.4560382619     26.534793103    26.6135483356    26.6923039506    26.7710599386    26.8498162897    26.9285729942    27.0073300418    27.0860874223    27.1648451251    27.2436031395    27.3223614545    27.4011200591    27.4798789419    27.5586380915    27.6373974963    27.7161571445    27.7949170241    27.8736771232    27.9524374294    28.0311979306    28.1099586141    28.1887194675    28.2674804781    28.3462416332    28.4250029198    28.5037643251    28.5825258361    28.6612874396    28.7400491227     28.818810872    28.8975726744    28.9763345167    29.0550963856    29.1338582677
   19.2125984252    19.2913187905    19.3700391678    19.4487595694    19.5274800073    19.6062004935    19.6849210402    19.7636416593    19.8423623627    19.9210831624    19.9998040702    20.0785250978    20.1572462571    20.2359675596    20.3146890168    20.3934106403    20.4721324412     20.550854431    20.6295766206    20.7082990211    20.7870216434    20.8657444981    20.9444675959    21.0231909472    21.1019145622    21.1806384512    21.2593626241    21.3380870905    21.4168118603    21.4955369426    21.5742623469    21.6529880821     21.731714157    21.8104405802    21.8891673602    21.9678945052     22.046622023    22.1253499215    22.2040782081    22.2828068902    22.3615359746    22.4402654683    22.5189953776     22.597725709    22.6764564684    22.7551876615    22.8339192939    22.9126513707    22.9913838969    23.0701168772     23.148850316    23.2275842173    23.3063185851    23.3850534228    23.4637887337    23.5425245207    23.6212607866    23.6999975337    23.7787347642    23.8574724797    23.9362106818    24.0149493717    24.0936885503    24.1724282182    24.2511683757    24.3299090228    24.4086501591    24.4873917842     24.566133897    24.6448764964    24.7236195809    24.8023631488    24.8811071978    24.9598517257    25.0385967298     25.117342207    25.1960881542    25.2748345678     25.353581444    25.4323287787    25.5110765674    25.5898248055    25.6685734881    25.7473226099    25.8260721655    25.9048221491    25.9835725547     26.062323376    26.1410746065    26.2198262394    26.2985782678    26.3773306843    26.4560834814    26.5348366514    26.6135901863     26.692344078    26.7710983181    26.8498528979    26.9286078086    27.0073630412    27.0861185864    27.1648744349     27.243630577     27.322387003    27.4011437029    27.4799006666    27.5586578837     27.637415344    27.7161730367    27.7949309512    27.8736890765    27.9524474017    28.0312059157    28.1099646073     28.188723465    28.2674824775    28.3462416332    28.4250009205    28.5037603276    28.5825198429    28.6612794545    28.7400391504    28.8187989187    28.8975587474    28.9763186245    29.0550785379    29.1338384755    29.2125984252
   19.2913385827    19.3700608925    19.4487832132    19.5275055558     19.606227931      19.68495035    19.7636728233     19.842395362    19.9211179767    19.9998406783    20.0785634773    20.1572863845    20.2360094103    20.3147325652    20.3934558597    20.4721793041    20.5509029085    20.6296266832    20.7083506382    20.7870747833    20.8657991283     20.944523683    21.0232484569    21.1019734593    21.1806986996     21.259424187    21.3381499303    21.4168759383    21.4956022199    21.5743287834    21.6530556371    21.7317827892    21.8105102477    21.8892380203    21.9679661146     22.046694538    22.1254232977    22.2041524006    22.2828818535     22.361611663    22.4403418353    22.5190723767    22.5978032929    22.6765345897    22.7552662724    22.8339983462    22.9127308162    22.9914636869    23.0701969629    23.1489306483    23.2276647472    23.3063992632    23.3851341998    23.4638695601    23.5426053472    23.6213415636    23.7000782119     23.778815294    23.8575528121    23.9362907675    24.0150291617    24.0937679958    24.1725072706    24.2512469866    24.3299871441     24.408727743    24.4874687832    24.5662102641    24.6449521848    24.7236945443    24.8024373412     24.881180574    24.9599242407    25.0386683392    25.1174128671    25.1961578217    25.2749032001    25.3536489991    25.4323952152    25.5111418447    25.5898888836    25.6686363279    25.7473841729     25.826132414    25.9048810462    25.9836300644    26.0623794631    26.1411292367    26.2198793794    26.2986298848    26.3773807469    26.4561319589    26.5348835142    26.6136354058    26.6923876264    26.7711401688    26.8498930253    26.9286461881    27.0073996493    27.0861534008    27.1649074342    27.2436617411    27.3224163128    27.4011711404    27.4799262151    27.5586815276    27.6374370687    27.7161928289    27.7949487989    27.8737049687    27.9524613288     28.031217869    28.1099745796    28.1887314502    28.2674884706    28.3462456306    28.4250029198    28.5037603276    28.5825178436     28.661275457    28.7400331572    28.8187909335    28.8975487751    28.9763066712    29.0550646108    29.1338225833    29.2125805775    29.2913385827
   19.3700787402    19.4488030054    19.5275272804    19.6062515748    19.6849758984    19.7637002608    19.8424246718    19.9211491408    19.9998736776    20.0785982917    20.1573229926    20.2360477898    20.3147726926    20.3934977104    20.4722228525     20.550948128    20.6296735461    20.7083991157    20.7871248459    20.8658507453    20.9445768229    21.0233030871    21.1020295464    21.1807562093     21.259483084    21.3382101787    21.4169375012    21.4956650596    21.5743928614    21.6531209143    21.7318492257    21.8105778027    21.8893066526    21.9680357821    22.0467651981    22.1254949072    22.2042249156    22.2829552297    22.3616858555    22.4404167987     22.519148065      22.59787966    22.6766115887    22.7553438563    22.8340764675    22.9128094271    22.9915427393    23.0702764084    23.1490104383    23.2277448329    23.3064795956    23.3852147296    23.4639502382    23.5426861242    23.6214223901    23.7001590383    23.7788960711    23.8576334902    23.9363712974    24.0151094941    24.0938480815    24.1725870606    24.2513264321    24.3300661964    24.4088063539    24.4875469045     24.566287848    24.6450291838    24.7237709114    24.8025130296    24.8812555374    24.9599984332    25.0387417154    25.1174853821    25.1962294312    25.2749738602    25.3537186666    25.4324638474    25.5112093997    25.5899553201    25.6687016051     25.747448251    25.8261952537    25.9049426091    25.9836903128    26.0624383602    26.1411867464    26.2199354665    26.2986845151    26.3774338868     26.456183576    26.5349335769    26.6136838834    26.6924344893    26.7711853882    26.8499365737    26.9286880388    27.0074397767    27.0861917803    27.1649440424    27.2436965555    27.3224493121    27.4012023045    27.4799555248    27.5587089651    27.6374626171    27.7162164727    27.7949705235     27.873724761    27.9524791765    28.0312337613    28.1099885066    28.1887434035    28.2674984429    28.3462536158     28.425008913    28.5037643251    28.5825198429     28.661275457    28.7400311579     28.818786936     28.897542782     28.976298686    29.0550546386    29.1338106299    29.2125666505    29.2913226905    29.3700787402
   19.4488188976    19.5275451281    19.6062713671    19.6849976231    19.7637239046    19.8424502202    19.9211765783    19.9999029874    20.0786294558    20.1573559919    20.2360826041    20.3148093007    20.3935360899    20.4722629798    20.5509899787    20.6297170945    20.7084443352    20.7871717087    20.8658992229    20.9446268855    21.0233547041    21.1020826863    21.1808108395    21.2595391711    21.3382676884    21.4169963983     21.495725308    21.5744544243     21.653183754    21.7319133038      21.81064308     21.889373089    21.9681033371    22.0468338304    22.1255645746    22.2042955757    22.2830268392    22.3617583705    22.4404901749    22.5192222575    22.5979546233    22.6766872771    22.7554202234    22.8341534666     22.912887011    22.9916208606    23.0703550193    23.1490894907    23.2278242784    23.3065593855    23.3852948153    23.4640305706    23.5427666541    23.6215030682    23.7002398153    23.7789768975    23.8577143166    23.9364520744    24.0151901722    24.0939286114    24.1726673929    24.2514065178    24.3301459864    24.4088857994    24.4876259569    24.5663664589    24.6451073051    24.7238484953    24.8025900287    24.8813319045    24.9600741216    25.0388166788    25.1175595746    25.1963028074    25.2750463752     25.353790276    25.4325345075    25.5112790672    25.5900239524    25.6687691602    25.7475146874     25.826260531    25.9050066872    25.9837531526    26.0624999231    26.1412469949    26.2199943636    26.2987420248    26.3774899739    26.4562382062    26.5349867168    26.6137355004    26.6924845519    26.7712338658    26.8499834365    26.9287332583    27.0074833251     27.086233631    27.1649841698     27.243734935    27.3224859203    27.4012371189    27.4799885242    27.5587401292    27.6374919269    27.7162439103     27.794996072    27.8737484048    27.9525009011    28.0312535535    28.1100063543    28.1887592957      28.26751237    28.3462655691    28.4250188853    28.5037723103    28.5825258361    28.6612794545    28.7400331572     28.818786936    28.8975407826    28.9762946885    29.0550486454    29.1338026448    29.2125566782    29.2913107371    29.3700648131    29.4488188976
   19.5275590551    19.6062872593    19.6850154708    19.7637436969    19.8424719449    19.9212002221    19.9999285358    20.0786568933    20.1573853017    20.2361137682       20.3148423    20.3935709043     20.472299588    20.5510283582    20.6297572218    20.7084861858    20.7872152571    20.8659444424    20.9446737483    21.0234031817    21.1021327489    21.1808624566     21.259592311    21.3383223186    21.4170524854    21.4957828177    21.5745133214    21.6532440025    21.7319748667    21.8107059197    21.8894371671    21.9681686144    22.0469002668    22.1256321297    22.2043642079    22.2830965066    22.3618290305    22.4405617843    22.5192947725    22.5980279995    22.6767614695    22.7554951867    22.8342291549     22.912963378    22.9916978596    23.0704326032     23.149167612    23.2279028892    23.3066384379    23.3853742608    23.4641103606    23.5428467397    23.6215834006    23.7003203452    23.7790575756    23.8577950936    23.9365329008    24.0152709987    24.0940093884    24.1727480711    24.2514870476    24.3302263188    24.4089658851    24.4877057469    24.5664459044    24.6451863575    24.7239271062      24.80266815    24.8814094884    24.9601511206    25.0388930459     25.117635263    25.1963777708    25.2751205677    25.3538636522    25.4326070225    25.5113506767    25.5900946125    25.6688388277    25.7475833197     25.826328086    25.9050731237    25.9838184298    26.0625640013    26.1413098346    26.2200559265    26.2988022732     26.377548871    26.4562957159    26.5350428039    26.6137901307    26.6925376918    26.7712854829    26.8500334992    26.9287817358     27.007530188    27.0862788505    27.1650277182    27.2437767857    27.3225260476    27.4012754984    27.4800251323    27.5587749436    27.6375249263    27.7162750744    27.7950253818    27.8737758423    27.9525264496    28.0312771973    28.1100280789    28.1887790879    28.2675302176    28.3462814614    28.4250328123    28.5037842636    28.5825358084    28.6612874396    28.7400391504    28.8187909335     28.897542782    28.9762946885     29.055046646    29.1337986473     29.212550685     29.291302752    29.3700548408    29.4488069443    29.5275590551
   19.6062992126    19.6850293978    19.7637595891    19.8424897926    19.9212200143    19.9999502605    20.0786805371    20.1574108502    20.2361412057    20.3148716098    20.3936020683    20.4723325873    20.5510631725      20.62979383    20.7085245653    20.7872553845     20.865986293    20.9447172967    21.0234484011    21.1021796118    21.1809109341    21.2596423736    21.3383739356    21.4171056253    21.4958374479    21.5745694085    21.6533015121    21.7320337637    21.8107661681      21.88949873    21.9682314541    22.0469643449    22.1256974069    22.2044306444    22.2831640617    22.3618976628    22.4406314518    22.5193654326     22.598099609    22.6768339845    22.7555685629    22.8343033474    22.9130383414     22.991773548    23.0705089702     23.149244611    23.2279804732    23.3067165592    23.3854528717     23.464189413    23.5429261852    23.6216631905    23.7004004309     23.779137908    23.8578756235     23.936613579    24.0153517757    24.0940902148    24.1728288975    24.2515678246    24.3303069969     24.409046415    24.4877860792      24.56652599    24.6452661475    24.7240065517    24.8027472024    24.8814880993    24.9602292419    25.0389706298    25.1177122621    25.1964541378    25.2751962561    25.3539386156     25.432681215    25.5114240529    25.5901671275    25.6689104371    25.7476539798    25.8263977535     25.905141756    25.9838859849    26.0626304377    26.1413751119    26.2201200046     26.298865113    26.3776104339    26.4563559644     26.535101701    26.6138476404     26.692593779    26.7713401131    26.8500866391    26.9288333529    27.0075802506    27.0863273281     27.165074581    27.2438220052    27.3225695961    27.4013173491    27.4800652597    27.5588133231    27.6375615344    27.7163098888    27.7950583811    27.8738070064    27.9525557594    28.0313046348    28.1100536274    28.1888027317    28.2675519423    28.3463012536      28.42505066    28.5038001558    28.5825497354     28.661299393    28.7400491227    28.8187989187    28.8975487751     28.976298686    29.0550486454    29.1337986473    29.2125486857    29.2912987545    29.3700488477    29.4487989591    29.5275490828    29.6062992126
   19.6850393701    19.7637715424    19.8425037196    19.9212359066    19.9999681082    20.0787003293    20.1574325748    20.2361648495    20.3148971583    20.3936295059    20.4723618971    20.5510943366    20.6298268293    20.7085593797    20.7872919926    20.8660246725    20.9447574241    21.0234902518    21.1022231601    21.1809561536    21.2596892365    21.3384224132    21.4171556879    21.4958890649    21.5746225484    21.6533561424    21.7320898508    21.8108236778    21.8895576271    21.9682917025    22.0470259078    22.1257602466    22.2044947225    22.2832293389    22.3619640992    22.4406990068    22.5194340648    22.5981692764    22.6769046446    22.7556401723    22.8343758624    22.9131117176    22.9918477405    23.0705839336    23.1493202994    23.2280568402    23.3067935583    23.3855304556    23.4642675342    23.5430047961    23.6217422429    23.7004798764     23.779217698    23.8579557092    23.9366939113    24.0154323055     24.094170893    24.1729096745    24.2516486511    24.3303878234     24.409127192    24.4878667574    24.5666065199    24.6453464799    24.7240866373    24.8028269924    24.8815675448    24.9603082943    25.0390492407    25.1177903834    25.1965317218    25.2752732551    25.3540149827    25.4327569034    25.5114990162      25.59024132    25.6689838133    25.7477264948     25.826469363    25.9052124161    25.9839556524      26.06269907    26.1414426669    26.2201864411    26.2989303902     26.377674512    26.4564188041    26.5351632639    26.6139078888     26.692652676    26.7713976228    26.8501427262    26.9288879831    27.0076333905    27.0863789451    27.1651246437    27.2438704828    27.3226164589    27.4013625686    27.4801088081    27.5588551738    27.6376016618    27.7163482683    27.7950949893    27.8738418208    27.9525887587    28.0313357989    28.1100829372    28.1888301693    28.2675774908    28.3463248974    28.4250723846    28.5038199481    28.5825675831    28.6613152852    28.7400630497     28.818810872    28.8975587474    28.9763066712    29.0550546386    29.1338026448     29.212550685    29.2912987545    29.3700468483    29.4487949617    29.5275430897    29.6062912274    29.6850393701
   19.7637795276    19.8425136919    19.9212478599    19.9999820352    20.0787162215    20.1574504225    20.2361846417    20.3149188829    20.3936531496    20.4723874455    20.5511217741     20.629856139    20.7085905438    20.7873249919    20.8660594869    20.9447940322    21.0235286313    21.1022632875    21.1809980043    21.2597327849    21.3384676326    21.4172025508    21.4959375425     21.574672611    21.6534077594    21.7321429907     21.810878308    21.8896137142    21.9683492122    22.0470848049     22.125820495    22.2045562854    22.2832921786    22.3620281773    22.4407642841    22.5195005013    22.5982368315    22.6769732769    22.7557098398    22.8344465225     22.913183327    22.9919202555    23.0706573098    23.1493944919    23.2281318036    23.3068692466    23.3856068227    23.4643445333      23.54308238    23.6218203642    23.7005584872    23.7792967503    23.8580351547    23.9367737013    24.0155123912    24.0942512253    24.1729902044    24.2517293292    24.3304686004    24.4092080184    24.4879475838    24.5666872969     24.645427158    24.7241671672    24.8029073247    24.8816476304    24.9603880843    25.0391286862    25.1178694357    25.1966103327    25.2753513765    25.3540925666    25.4328339025    25.5115753833    25.5903170084    25.6690587767    25.7478006873    25.8265427392    25.9052849311    25.9840272619    26.0627697301    26.1415123344    26.2202550733    26.2989979453    26.3777409485    26.4564840814     26.535227342    26.6139707285     26.692714239    26.7714578713    26.8502016233    26.9289454928    27.0076894776    27.0864335753    27.1651777836    27.2439220998    27.3226665216    27.4014110462     27.480155671    27.5589003932    27.6376452102     27.716390119    27.7951351166    27.8738802003    27.9526253669    28.0313706133    28.1101159365    28.1888613334    28.2676068006    28.3463523349    28.4250979331    28.5038435919    28.5825893078    28.6613350774    28.7400808974    28.8188267642    28.8975726744    28.9763186245    29.0550646108    29.1338106299    29.2125566782     29.291302752    29.3700488477    29.4487949617    29.5275410903      29.60628723    29.6850333769    29.7637795276
    19.842519685     19.921255845    19.9999920075    20.0787281748    20.1574643495     20.236200534    20.3149367306    20.3936729419    20.4724091702    20.5511454179    20.6298816875    20.7086179813    20.7873543017     20.866090651    20.9448270315    21.0235634457    21.1022998956    21.1810363837    21.2597729122    21.3385094833    21.4172460991     21.495982762    21.5747194739     21.653456237    21.7321930533     21.810929925    21.8896668541    21.9684038424     22.047140892    22.1258780047    22.2046151825     22.283352427    22.3620897402    22.4408271238    22.5195645794    22.5983021087    22.6770397133    22.7557773948    22.8345151547    22.9132529945    22.9919909155    23.0707289192    23.1494670069    23.2282051798    23.3069434391     23.385681786    23.4644202217    23.5431587471    23.6218973633    23.7006360712    23.7793748716    23.8581137656    23.9368527537    24.0155918367    24.0943310153    24.1730702901    24.2518096616    24.3305491303    24.4092886966    24.4880283608    24.5667681234    24.6455079845    24.7242479442    24.8029880028    24.8817281603    24.9604684167    25.0392087719    25.1179492257    25.1966897781    25.2754304288    25.3541711775    25.4329120238    25.5116529672    25.5903940074    25.6691351438    25.7478763757    25.8266177025    25.9053591236    25.9841006381    26.0628422451    26.1415839439    26.2203257334    26.2990676128    26.3778095808    26.4565516364    26.5352937785    26.6140360058    26.6927783171     26.771520711    26.8502631862    26.9290057413    27.0077483747     27.086491085    27.1652338707      27.24397673    27.3227196615    27.4014626632    27.4802057336    27.5589488708    27.6376920731    27.7164353384    27.7951786651     27.873922051    27.9526654942    28.0314089928    28.1101525447    28.1888961477    28.2676397999     28.346383499    28.4251272429    28.5038710294    28.5826148562    28.6613587212    28.7401026221    28.8188465565    28.8975905221    28.9763345167    29.0550785379    29.1338225833    29.2125666505    29.2913107371    29.3700548408    29.4487989591    29.5275430897      29.60628723    29.6850313776    29.7637755301     29.842519685
   19.9212598425    19.9999980007      20.07873616    20.1574743218    20.2362124873    20.3149506576    20.3936888341    20.4724270179    20.5511652101    20.6299034122    20.7086416251    20.7873798501    20.8661180885    20.9448563413    21.0235946097     21.102332895    21.1810711981    21.2598095204    21.3385478628    21.4172862265    21.4960246126    21.5747630222    21.6535014564    21.7322399162    21.8109784026    21.8897169167    21.9684554594    22.0471940319    22.1259326349    22.2046712696    22.2834099367    22.3621486373    22.4408873722    22.5196261423    22.5983649484    22.6771037914    22.7558426721    22.8345815912    22.9133205495    22.9920595478    23.0707985867     23.149537667    23.2282767892    23.3070159541    23.3857551622    23.4644944141    23.5432337104    23.6219730516    23.7007124382    23.7794518707    23.8581913495     23.936930875    24.0156704476    24.0944100677    24.1731497356    24.2518894516    24.3306292159    24.4093690289    24.4881088907    24.5668488015    24.6455887615    24.7243287707    24.8030688293    24.8818089373    24.9605490948    25.0392893017    25.1180295581    25.1967698638    25.2755102188     25.354250623    25.4329910761    25.5117315781    25.5904721287    25.6692127277    25.7479533748    25.8266940696     25.905434812    25.9841756014    26.0629164376    26.1416573201    26.2203982485    26.2991392222    26.3778802409    26.4566213039    26.5353624108    26.6141035608    26.6928447536    26.7715859883    26.8503272643     26.929068581    27.0078099376    27.0865513335    27.1652927678    27.2440342397    27.3227757486    27.4015172934    27.4802588735    27.5590004879    27.6377421357     27.716483816    27.7952255279    27.8739672704    27.9527090426    28.0314508435    28.1101926721    28.1889345273    28.2676764081    28.3464183134    28.4251602422    28.5039021935     28.582644166    28.6613861587    28.7401281705    28.8188702003    28.8976122468    28.9763543089    29.0550963856    29.1338384755    29.2125805775    29.2913226905    29.3700648131    29.4488069443    29.5275490828    29.6062912274    29.6850333769    29.7637755301    29.8425176857    29.9212598425
              20    20.0787401575     20.157480315    20.2362204724    20.3149606299    20.3937007874    20.4724409449    20.5511811024    20.6299212598    20.7086614173    20.7874015748    20.8661417323    20.9448818898    21.0236220472    21.1023622047    21.1811023622    21.2598425197    21.3385826772    21.4173228346    21.4960629921    21.5748031496    21.6535433071    21.7322834646     21.811023622    21.8897637795     21.968503937    22.0472440945     22.125984252    22.2047244094    22.2834645669    22.3622047244    22.4409448819    22.5196850394    22.5984251969    22.6771653543    22.7559055118    22.8346456693    22.9133858268    22.9921259843    23.0708661417    23.1496062992    23.2283464567    23.3070866142    23.3858267717    23.4645669291    23.5433070866    23.6220472441    23.7007874016    23.7795275591    23.8582677165     23.937007874    24.0157480315     24.094488189    24.1732283465    24.2519685039    24.3307086614    24.4094488189    24.4881889764    24.5669291339    24.6456692913    24.7244094488    24.8031496063    24.8818897638    24.9606299213    25.0393700787    25.1181102362    25.1968503937    25.2755905512    25.3543307087    25.4330708661    25.5118110236    25.5905511811    25.6692913386    25.7480314961    25.8267716535     25.905511811    25.9842519685     26.062992126    26.1417322835    26.2204724409    26.2992125984    26.3779527559    26.4566929134    26.5354330709    26.6141732283    26.6929133858    26.7716535433    26.8503937008    26.9291338583    27.0078740157    27.0866141732    27.1653543307    27.2440944882    27.3228346457    27.4015748031    27.4803149606    27.5590551181    27.6377952756    27.7165354331    27.7952755906     27.874015748    27.9527559055     28.031496063    28.1102362205     28.188976378    28.2677165354    28.3464566929    28.4251968504    28.5039370079    28.5826771654    28.6614173228    28.7401574803    28.8188976378    28.8976377953    28.9763779528    29.0551181102    29.1338582677    29.2125984252    29.2913385827    29.3700787402    29.4488188976    29.5275590551    29.6062992126    29.6850393701    29.7637795276     29.842519685    29.9212598425               30
